domain,indicator,n,rho_raw_vs_wc,rho_perword_vs_wc,rho_residual_vs_wc
arxiv,dsir_books,1419,-0.7684457674977895,0.11639129258622345,-0.11158082035798268
arxiv,dsir_wiki,1419,-0.763777344874434,0.11279438113795008,-0.10977284356194784
arxiv,dsir_math,1419,-0.7869620789145884,0.2628174763520761,-0.17392699987122934
book,dsir_books,171,-0.7529579763361893,0.5987640098879209,-0.5030263757889937
book,dsir_wiki,171,-0.7943144454844361,0.6071279429764562,-0.34973000215998273
book,dsir_math,171,-0.8794129646962824,0.5689298485612115,-0.36534907720738236
c4,dsir_books,10000,-0.9880439866923993,0.9359603943002733,-0.08460766541072727
c4,dsir_wiki,10000,-0.9899828413311181,0.9406649228030547,-0.08738887355661176
c4,dsir_math,10000,-0.991382947345312,0.9448500240847916,-0.09509200112251055
commoncrawl,dsir_books,9640,-0.9676367098809134,0.8950765217072829,0.08702473478892167
commoncrawl,dsir_wiki,9640,-0.9749023145226666,0.9071378878711271,0.06709806528878832
commoncrawl,dsir_math,9640,-0.9795330438477415,0.9158924445296207,0.09964938538668133
github,dsir_books,10000,-0.9564834528619046,0.5367418827994415,-0.12547561981707894
github,dsir_wiki,10000,-0.9570349542179853,0.535529029322573,-0.12448637226636804
github,dsir_math,10000,-0.9571770149478178,0.5605428082247371,-0.13590410044418744
stackexchange,dsir_books,10000,-0.8464047329485379,0.28691089396343794,0.010590373425342492
stackexchange,dsir_wiki,10000,-0.8577890477882906,0.3016787288830883,0.009418830443605527
stackexchange,dsir_math,10000,-0.8681259405240165,0.3520499902340522,0.025097469144937216
wikipedia,dsir_books,10000,-0.9904347953851209,0.9135280661761818,-0.059107189951597666
wikipedia,dsir_wiki,10000,-0.9884876587285433,0.9009781466462639,-0.04812567774431119
wikipedia,dsir_math,10000,-0.992079584778496,0.9171946504812474,-0.05095339492065833
