,KS_D
dsir_books,0.03868536899676045
rps_doc_frac_unique_words,0.03852478271082915
dsir_wiki,0.03702907408070988
modernbert_reasoning,0.03422080481599599
dsir_math,0.03194605362520225
rps_lines_uppercase_letter_fraction,0.029602290146239718
rps_lines_ending_with_terminal_punctution_mark,0.028276457917766562
fineweb_edu,0.02747087216933497
qurater_edu,0.026653341986412504
fluency_en,0.02625253985127851
qurater_facts,0.02530494804834571
rps_doc_num_sentences,0.02487892988484236
modernbert_professionalism,0.024374609317455165
rps_doc_unigram_entropy,0.022759456342428375
modernbert_cleanliness,0.021485383330081764
modernbert_readability,0.021405753766810143
rps_doc_frac_chars_top_2gram,0.021157574961280123
ad_en,0.02092532206840436
rps_doc_frac_no_alph_words,0.01972424282239016
rps_lines_numerical_chars_fraction,0.017899398664081412
rps_doc_word_count,0.01769501611835067
qurater_expertise,0.017403041053021373
rps_doc_mean_word_length,0.015782579440443062
rps_doc_frac_chars_top_3gram,0.015448135274702096
qurater_writing,0.013406964136171817
