domain,kind,name,n_A1,p10,p50,p90,cutoff_p90,cutoff_p95,cutoff_p975
arxiv,indicator,fineweb_edu,1419,0.16170922884128874,0.470935124469244,0.786027815183649,,,
arxiv,indicator,fluency_en,1419,0.8804057748851553,0.9898403861753986,0.9987446688169442,,,
arxiv,indicator,ad_en,1419,0.8866398142531078,0.9955267809511185,0.9993553228964344,,,
arxiv,indicator,qurater_writing,1419,0.43340446720728437,0.6822781808697306,0.8667046047327742,,,
arxiv,indicator_LOO_deviation,qurater_writing,1419,,,,,0.4029598308668074,
arxiv,indicator,qurater_expertise,1419,0.4529769733175809,0.6870332805777847,0.8823031140634403,,,
arxiv,indicator_LOO_deviation,qurater_expertise,1419,,,,,0.6280831571529244,
arxiv,indicator,qurater_facts,1419,0.36140946682299463,0.6383973693785967,0.8616138610747995,,,
arxiv,indicator_LOO_deviation,qurater_facts,1419,,,,,0.5761099365750528,
arxiv,indicator,qurater_edu,1419,0.4752599651764111,0.6647390654303176,0.840944934733734,,,
arxiv,indicator_LOO_deviation,qurater_edu,1419,,,,,0.4807610993657504,
arxiv,indicator,modernbert_professionalism,1419,0.9371112176849076,0.9935775713839904,0.9988440965633,,,
arxiv,indicator_LOO_deviation,modernbert_professionalism,1419,,,,,0.6307963354474981,
arxiv,indicator,modernbert_readability,1419,0.4617905533222542,0.7630602688045127,0.9331686242552732,,,
arxiv,indicator_LOO_deviation,modernbert_readability,1419,,,,,0.7836504580690627,
arxiv,indicator,modernbert_reasoning,1419,0.9727302451137054,0.9977074017457531,0.9996885990596107,,,
arxiv,indicator_LOO_deviation,modernbert_reasoning,1419,,,,,0.6787878787878787,
arxiv,indicator,modernbert_cleanliness,1419,0.9731649354331565,0.997050629713038,0.9993982420084727,,,
arxiv,indicator_LOO_deviation,modernbert_cleanliness,1419,,,,,0.6099365750528538,
arxiv,indicator,dsir_books,1419,0.5337946821132828,0.8325518946929542,0.9529289468277956,,,
arxiv,indicator_LOO_deviation,dsir_books,1419,,,,,0.055673009161381244,
arxiv,indicator,dsir_wiki,1419,0.5338300728456775,0.8364886505095306,0.9565693084766506,,,
arxiv,indicator_LOO_deviation,dsir_wiki,1419,,,,,0.06307258632840029,
arxiv,indicator,dsir_math,1419,0.5678081718131451,0.856889643166005,0.961870221783709,,,
arxiv,indicator_LOO_deviation,dsir_math,1419,,,,,0.11522198731501054,
arxiv,indicator,rps_doc_word_count,1419,0.5180584595949906,0.8203864895213246,0.9710295585282412,,,
arxiv,indicator_LOO_deviation,rps_doc_word_count,1419,,,,,0.504474982381959,
arxiv,indicator,rps_doc_num_sentences,1419,0.5200375458504536,0.8203611188850388,0.9714240156770836,,,
arxiv,indicator_LOO_deviation,rps_doc_num_sentences,1419,,,,,0.4952783650458067,
arxiv,indicator,rps_doc_mean_word_length,1419,0.536629070205127,0.8456993074452354,0.9748595373163088,,,
arxiv,indicator_LOO_deviation,rps_doc_mean_word_length,1419,,,,,0.5765327695560253,
arxiv,indicator,rps_doc_unigram_entropy,1419,0.5233098293733824,0.8197421096742631,0.9672124349696156,,,
arxiv,indicator_LOO_deviation,rps_doc_unigram_entropy,1419,,,,,0.5071176885130373,
arxiv,indicator,rps_doc_frac_no_alph_words,1419,0.3082209695189853,0.6538404561608382,0.8874175256882431,,,
arxiv,indicator_LOO_deviation,rps_doc_frac_no_alph_words,1419,,,,,0.5535588442565187,
arxiv,indicator,rps_doc_frac_unique_words,1419,0.15118286637342254,0.3567757136229569,0.5888052612703821,,,
arxiv,indicator_LOO_deviation,rps_doc_frac_unique_words,1419,,,,,0.6463354474982381,
arxiv,indicator,rps_doc_frac_chars_top_2gram,1419,0.5880716185151652,0.8168368845878022,0.9441531867185732,,,
arxiv,indicator_LOO_deviation,rps_doc_frac_chars_top_2gram,1419,,,,,0.612121212121212,
arxiv,indicator,rps_doc_frac_chars_top_3gram,1419,0.6245399257511423,0.8662279867380258,0.9599658383258572,,,
arxiv,indicator_LOO_deviation,rps_doc_frac_chars_top_3gram,1419,,,,,0.6060253699788581,
arxiv,indicator,rps_lines_uppercase_letter_fraction,1419,0.35521384348695745,0.6962761404041226,0.8931631303875509,,,
arxiv,indicator_LOO_deviation,rps_lines_uppercase_letter_fraction,1419,,,,,0.6987667371388301,
arxiv,indicator,rps_lines_ending_with_terminal_punctution_mark,1419,0.09315324870904515,0.35420174644308616,0.7266974173377848,,,
arxiv,indicator_LOO_deviation,rps_lines_ending_with_terminal_punctution_mark,1419,,,,,0.6085447498238197,
arxiv,indicator,rps_lines_numerical_chars_fraction,1419,0.5865553730113753,0.8636464814922347,0.9575624102200998,,,
arxiv,indicator_LOO_deviation,rps_lines_numerical_chars_fraction,1419,,,,,0.5974277660324171,
arxiv,between_six_sources,B=max U-min U,1419,,,,0.8844256518675123,0.9204016913319238,0.9492600422832981
arxiv,legacy_four_matched_tail,c_four_A1_frozen,1419,,,,,0.8738900634249472,
arxiv,source_center,RPS,1419,0.26109936575052856,0.4908386187455955,0.6889358703312192,,,
arxiv,source_internal_span,RPS,1419,,,,,0.8725158562367864,
arxiv,source_max_single_deviation,RPS,1419,,,,,0.7833685694150809,
arxiv,source_center,DSIR,1419,0.10014094432699086,0.4978858350951374,0.8997181113460183,,,
arxiv,source_internal_span,DSIR,1419,,,,,0.09471458773784353,
arxiv,source_max_single_deviation,DSIR,1419,,,,,0.11522198731501054,
arxiv,source_center,轻量分类器,1419,0.17491190979563073,0.516384778012685,0.8005285412262158,,,
arxiv,source_internal_span,轻量分类器,1419,,,,,0.5539675828047921,
arxiv,source_max_single_deviation,轻量分类器,1419,,,,,,
arxiv,source_center,FineWeb-Edu,1419,0.10028188865398169,0.5,0.8997181113460183,,,
arxiv,source_internal_span,FineWeb-Edu,1419,,,,,,
arxiv,source_max_single_deviation,FineWeb-Edu,1419,,,,,,
arxiv,source_center,QuRating,1419,0.1430584918957012,0.4931289640591966,0.8066243833685693,,,
arxiv,source_internal_span,QuRating,1419,,,,,0.6130338266384777,
arxiv,source_max_single_deviation,QuRating,1419,,,,,0.6710007047216349,
arxiv,source_center,ModernBERT,1419,0.19718111346018322,0.5123326286116984,0.7791402396053559,,,
arxiv,source_internal_span,ModernBERT,1419,,,,,0.7385130373502465,
arxiv,source_max_single_deviation,ModernBERT,1419,,,,,0.8232558139534882,
book,indicator,fineweb_edu,171,0.1886471525902535,0.43136469962180346,0.7755620217917106,,,
book,indicator,fluency_en,171,0.14242592268804413,0.7976222630552876,0.9961896366043397,,,
book,indicator,ad_en,171,0.5090224591318728,0.9724942710626444,0.9984497772524352,,,
book,indicator,qurater_writing,171,0.17484510532837647,0.4068058335716323,0.705919359450957,,,
book,indicator_LOO_deviation,qurater_writing,171,,,,,0.5292397660818714,
book,indicator,qurater_expertise,171,0.16639999999999994,0.4199384615384614,0.7583999999999999,,,
book,indicator_LOO_deviation,qurater_expertise,171,,,,,0.39181286549707606,
book,indicator,qurater_facts,171,0.11461966255066454,0.3526251296069375,0.6833584692242435,,,
book,indicator_LOO_deviation,qurater_facts,171,,,,,0.4035087719298246,
book,indicator,qurater_edu,171,0.1644532979194332,0.36998039587680975,0.8011130082843221,,,
book,indicator_LOO_deviation,qurater_edu,171,,,,,0.4035087719298246,
book,indicator,modernbert_professionalism,171,0.07776447712844974,0.266928717121089,0.7700725221524338,,,
book,indicator_LOO_deviation,modernbert_professionalism,171,,,,,0.48538011695906436,
book,indicator,modernbert_readability,171,0.3351818583732294,0.6816814031425558,0.9476727975251571,,,
book,indicator_LOO_deviation,modernbert_readability,171,,,,,0.52046783625731,
book,indicator,modernbert_reasoning,171,0.10815801638312364,0.5123680775971935,0.9902078112885261,,,
book,indicator_LOO_deviation,modernbert_reasoning,171,,,,,0.3947368421052632,
book,indicator,modernbert_cleanliness,171,0.2845796875702926,0.9212365964060708,0.9950609677616722,,,
book,indicator_LOO_deviation,modernbert_cleanliness,171,,,,,0.5906432748538012,
book,indicator,dsir_books,171,0.5342675822886244,0.7288434964827236,0.8799818307940668,,,
book,indicator_LOO_deviation,dsir_books,171,,,,,0.3274853801169591,
book,indicator,dsir_wiki,171,0.4934715491125764,0.7068891994378931,0.8630537762065015,,,
book,indicator_LOO_deviation,dsir_wiki,171,,,,,0.20760233918128657,
book,indicator,dsir_math,171,0.5109229820821846,0.7366163319006934,0.8951052825419418,,,
book,indicator_LOO_deviation,dsir_math,171,,,,,0.26608187134502925,
book,indicator,rps_doc_word_count,171,0.5910787776900238,0.8773160402279079,0.9807659382615148,,,
book,indicator_LOO_deviation,rps_doc_word_count,171,,,,,0.4926900584795322,
book,indicator,rps_doc_num_sentences,171,0.6399898353201919,0.8786994857530318,0.9743512429767625,,,
book,indicator_LOO_deviation,rps_doc_num_sentences,171,,,,,0.4926900584795322,
book,indicator,rps_doc_mean_word_length,171,0.3305253930940878,0.6776808965784804,0.9423183761394335,,,
book,indicator_LOO_deviation,rps_doc_mean_word_length,171,,,,,0.5504385964912282,
book,indicator,rps_doc_unigram_entropy,171,0.595868381756938,0.8494515751276974,0.9838785355920874,,,
book,indicator_LOO_deviation,rps_doc_unigram_entropy,171,,,,,0.4883040935672515,
book,indicator,rps_doc_frac_no_alph_words,171,0.6466292090592844,0.8196949570045555,0.9324954924172523,,,
book,indicator_LOO_deviation,rps_doc_frac_no_alph_words,171,,,,,0.5818713450292399,
book,indicator,rps_doc_frac_unique_words,171,0.029251350439360908,0.10659890171878089,0.2880740662631601,,,
book,indicator_LOO_deviation,rps_doc_frac_unique_words,171,,,,,0.7134502923976609,
book,indicator,rps_doc_frac_chars_top_2gram,171,0.5111316488874873,0.8115446199859174,0.9369707790971175,,,
book,indicator_LOO_deviation,rps_doc_frac_chars_top_2gram,171,,,,,0.5380116959064327,
book,indicator,rps_doc_frac_chars_top_3gram,171,0.6361182464655895,0.9286911115273531,0.9860124686107264,,,
book,indicator_LOO_deviation,rps_doc_frac_chars_top_3gram,171,,,,,0.513157894736842,
book,indicator,rps_lines_uppercase_letter_fraction,171,0.10657679341824898,0.15703882518275672,0.7263299944828715,,,
book,indicator_LOO_deviation,rps_lines_uppercase_letter_fraction,171,,,,,0.6915204678362574,
book,indicator,rps_lines_ending_with_terminal_punctution_mark,171,0.24106329644893082,0.7639948104153917,0.9830096581604699,,,
book,indicator_LOO_deviation,rps_lines_ending_with_terminal_punctution_mark,171,,,,,0.5394736842105263,
book,indicator,rps_lines_numerical_chars_fraction,171,0.4233088436411468,0.9112042883544983,0.9913733454163589,,,
book,indicator_LOO_deviation,rps_lines_numerical_chars_fraction,171,,,,,0.5555555555555556,
book,between_six_sources,B=max U-min U,171,,,,0.8654970760233918,0.9064327485380117,0.922514619883041
book,legacy_four_matched_tail,c_four_A1_frozen,171,,,,,0.8918128654970761,
book,source_center,RPS,171,0.22514619883040934,0.5058479532163743,0.716374269005848,,,
book,source_internal_span,RPS,171,,,,,0.8625730994152047,
book,source_max_single_deviation,RPS,171,,,,,0.8011695906432748,
book,source_center,DSIR,171,0.11988304093567251,0.5,0.8742690058479532,,,
book,source_internal_span,DSIR,171,,,,,0.3087719298245614,
book,source_max_single_deviation,DSIR,171,,,,,0.33479532163742687,
book,source_center,轻量分类器,171,0.1842105263157895,0.49122807017543857,0.7660818713450293,,,
book,source_internal_span,轻量分类器,171,,,,,0.5590643274853802,
book,source_max_single_deviation,轻量分类器,171,,,,,,
book,source_center,FineWeb-Edu,171,0.1023391812865497,0.5,0.8976608187134503,,,
book,source_internal_span,FineWeb-Edu,171,,,,,,
book,source_max_single_deviation,FineWeb-Edu,171,,,,,,
book,source_center,QuRating,171,0.15058479532163743,0.4590643274853802,0.8450292397660819,,,
book,source_internal_span,QuRating,171,,,,,0.5412280701754387,
book,source_max_single_deviation,QuRating,171,,,,,0.5467836257309941,
book,source_center,ModernBERT,171,0.1608187134502924,0.5,0.8391812865497076,,,
book,source_internal_span,ModernBERT,171,,,,,0.6046783625730995,
book,source_max_single_deviation,ModernBERT,171,,,,,0.6505847953216374,
c4,indicator,fineweb_edu,10000,0.11901846227781945,0.32940185438701186,0.6511508934703459,,,
c4,indicator,fluency_en,10000,0.393185433130754,0.9946493411514916,0.9996987780282046,,,
c4,indicator,ad_en,10000,0.1298212565439375,0.9436171268924958,0.9996475032047603,,,
c4,indicator,qurater_writing,10000,0.20762070053644685,0.5254220574313664,0.7908172925213002,,,
c4,indicator_LOO_deviation,qurater_writing,10000,,,,,0.5681149999999998,
c4,indicator,qurater_expertise,10000,0.17063094875445284,0.4396964930713135,0.7398307771692165,,,
c4,indicator_LOO_deviation,qurater_expertise,10000,,,,,0.41255249999999993,
c4,indicator,qurater_facts,10000,0.207832948421863,0.48206553117782913,0.7798306389530408,,,
c4,indicator_LOO_deviation,qurater_facts,10000,,,,,0.43395249999999996,
c4,indicator,qurater_edu,10000,0.17757345073221434,0.4527398167680658,0.7674085623732508,,,
c4,indicator_LOO_deviation,qurater_edu,10000,,,,,0.41240749999999987,
c4,indicator,modernbert_professionalism,10000,0.0004313449659682412,0.07344081997149007,0.5176131135736869,,,
c4,indicator_LOO_deviation,modernbert_professionalism,10000,,,,,0.610605,
c4,indicator,modernbert_readability,10000,0.06843657720971527,0.7823385294714761,0.9850218835515175,,,
c4,indicator_LOO_deviation,modernbert_readability,10000,,,,,0.6144149999999998,
c4,indicator,modernbert_reasoning,10000,0.14599501477407237,0.19239894739625357,0.47644104805319865,,,
c4,indicator_LOO_deviation,modernbert_reasoning,10000,,,,,0.5416,
c4,indicator,modernbert_cleanliness,10000,0.0593768716551096,0.6867831559058931,0.999997597434633,,,
c4,indicator_LOO_deviation,modernbert_cleanliness,10000,,,,,0.5599,
c4,indicator,dsir_books,10000,0.620496726273099,0.8233198330858802,0.9258486888738747,,,
c4,indicator_LOO_deviation,dsir_books,10000,,,,,0.2227999999999999,
c4,indicator,dsir_wiki,10000,0.6124601522162866,0.8087096590121579,0.9154450702010581,,,
c4,indicator_LOO_deviation,dsir_wiki,10000,,,,,0.28736499999999976,
c4,indicator,dsir_math,10000,0.6293257567513978,0.8174305690241392,0.9160069611638572,,,
c4,indicator_LOO_deviation,dsir_math,10000,,,,,0.22076999999999972,
c4,indicator,rps_doc_word_count,10000,0.409679607880954,0.7251264518862055,0.9520983083826082,,,
c4,indicator_LOO_deviation,rps_doc_word_count,10000,,,,,0.5292162499999996,
c4,indicator,rps_doc_num_sentences,10000,0.49480474621037446,0.7471381296438186,0.9485900582774852,,,
c4,indicator_LOO_deviation,rps_doc_num_sentences,10000,,,,,0.5300049999999995,
c4,indicator,rps_doc_mean_word_length,10000,0.4079161598419952,0.7604874996624307,0.9596036048846543,,,
c4,indicator_LOO_deviation,rps_doc_mean_word_length,10000,,,,,0.5920624999999997,
c4,indicator,rps_doc_unigram_entropy,10000,0.3442561778625022,0.7100613552532338,0.9509489775797567,,,
c4,indicator_LOO_deviation,rps_doc_unigram_entropy,10000,,,,,0.523725,
c4,indicator,rps_doc_frac_no_alph_words,10000,0.501400677090645,0.714164359572955,0.8745199130886628,,,
c4,indicator_LOO_deviation,rps_doc_frac_no_alph_words,10000,,,,,0.5410087499999998,
c4,indicator,rps_doc_frac_unique_words,10000,0.23717776604994276,0.5203363467557448,0.8188933496161876,,,
c4,indicator_LOO_deviation,rps_doc_frac_unique_words,10000,,,,,0.5950575,
c4,indicator,rps_doc_frac_chars_top_2gram,10000,0.562832680692905,0.8518823224705577,0.9614930949257857,,,
c4,indicator_LOO_deviation,rps_doc_frac_chars_top_2gram,10000,,,,,0.5855762499999999,
c4,indicator,rps_doc_frac_chars_top_3gram,10000,0.641746657077613,0.9152926130790844,1.0,,,
c4,indicator_LOO_deviation,rps_doc_frac_chars_top_3gram,10000,,,,,0.5481299999999999,
c4,indicator,rps_lines_uppercase_letter_fraction,10000,0.6255146634112924,0.851072198486492,0.9563320029110857,,,
c4,indicator_LOO_deviation,rps_lines_uppercase_letter_fraction,10000,,,,,0.5347775,
c4,indicator,rps_lines_ending_with_terminal_punctution_mark,10000,0.5,0.5,0.5,,,
c4,indicator_LOO_deviation,rps_lines_ending_with_terminal_punctution_mark,10000,,,,,0.34010625,
c4,indicator,rps_lines_numerical_chars_fraction,10000,0.6974510985348588,0.9531919105574497,1.0,,,
c4,indicator_LOO_deviation,rps_lines_numerical_chars_fraction,10000,,,,,0.5219099999999999,
c4,between_six_sources,B=max U-min U,10000,,,,0.8178100000000001,0.8736025,0.9084074999999999
c4,legacy_four_matched_tail,c_four_A1_frozen,10000,,,,,0.8282249999999995,
c4,source_center,RPS,10000,0.27793,0.5,0.67535,,,
c4,source_internal_span,RPS,10000,,,,,0.84915,
c4,source_max_single_deviation,RPS,10000,,,,,0.7259812499999999,
c4,source_center,DSIR,10000,0.10154,0.5016,0.88935,,,
c4,source_internal_span,DSIR,10000,,,,,0.28296399999999994,
c4,source_max_single_deviation,DSIR,10000,,,,,0.3112,
c4,source_center,轻量分类器,10000,0.187445,0.49455000000000005,0.821755,,,
c4,source_internal_span,轻量分类器,10000,,,,,0.5276419999999998,
c4,source_max_single_deviation,轻量分类器,10000,,,,,,
c4,source_center,FineWeb-Edu,10000,0.10004,0.5,0.8999600000000001,,,
c4,source_internal_span,FineWeb-Edu,10000,,,,,,
c4,source_max_single_deviation,FineWeb-Edu,10000,,,,,,
c4,source_center,QuRating,10000,0.1330175,0.50135,0.83986,,,
c4,source_internal_span,QuRating,10000,,,,,0.5481039999999998,
c4,source_max_single_deviation,QuRating,10000,,,,,0.599105,
c4,source_center,ModernBERT,10000,0.166545,0.497225,0.82925,,,
c4,source_internal_span,ModernBERT,10000,,,,,0.6582264999999999,
c4,source_max_single_deviation,ModernBERT,10000,,,,,0.6935099999999998,
commoncrawl,indicator,fineweb_edu,9640,0.11721044550299255,0.273790754069854,0.6359736344029434,,,
commoncrawl,indicator,fluency_en,9640,0.3681579433169919,0.9840428733567501,0.9996497786170354,,,
commoncrawl,indicator,ad_en,9640,0.5904288082289885,0.9709629911530762,0.9994108800044349,,,
commoncrawl,indicator,qurater_writing,9640,0.2217416861117543,0.4843171657077714,0.7719812614666642,,,
commoncrawl,indicator_LOO_deviation,qurater_writing,9640,,,,,0.5470850622406633,
commoncrawl,indicator,qurater_expertise,9640,0.17954529744125208,0.438596690690931,0.7485601813280165,,,
commoncrawl,indicator_LOO_deviation,qurater_expertise,9640,,,,,0.4459206431535267,
commoncrawl,indicator,qurater_facts,9640,0.21800213736598328,0.4775427185916358,0.7638693219034035,,,
commoncrawl,indicator_LOO_deviation,qurater_facts,9640,,,,,0.4905679460580912,
commoncrawl,indicator,qurater_edu,9640,0.17608333500592094,0.4571855798096691,0.7835193728656586,,,
commoncrawl,indicator_LOO_deviation,qurater_edu,9640,,,,,0.4217946058091285,
commoncrawl,indicator,modernbert_professionalism,9640,0.016616580785080975,0.2348097340610924,0.6658890282188032,,,
commoncrawl,indicator_LOO_deviation,modernbert_professionalism,9640,,,,,0.5786514522821574,
commoncrawl,indicator,modernbert_readability,9640,0.6692707899487752,0.9018559096598823,0.9931581761924135,,,
commoncrawl,indicator_LOO_deviation,modernbert_readability,9640,,,,,0.6003215767634854,
commoncrawl,indicator,modernbert_reasoning,9640,0.0673263592235289,0.15346429506048248,0.8255684113208331,,,
commoncrawl,indicator_LOO_deviation,modernbert_reasoning,9640,,,,,0.5340248962655603,
commoncrawl,indicator,modernbert_cleanliness,9640,0.08656048123061759,0.6788994417079747,0.9999616959857457,,,
commoncrawl,indicator_LOO_deviation,modernbert_cleanliness,9640,,,,,0.6381950207468876,
commoncrawl,indicator,dsir_books,9640,0.658603423804531,0.8690402961571555,0.9553374832537981,,,
commoncrawl,indicator_LOO_deviation,dsir_books,9640,,,,,0.23356587136929455,
commoncrawl,indicator,dsir_wiki,9640,0.6834042537300261,0.8784455666846348,0.9560139620237224,,,
commoncrawl,indicator_LOO_deviation,dsir_wiki,9640,,,,,0.24456950207468858,
commoncrawl,indicator,dsir_math,9640,0.6580066967967838,0.8646953877281613,0.9490417620606317,,,
commoncrawl,indicator_LOO_deviation,dsir_math,9640,,,,,0.22489626556016595,
commoncrawl,indicator,rps_doc_word_count,9640,0.47776387052877667,0.8032625207319917,0.9652421643250809,,,
commoncrawl,indicator_LOO_deviation,rps_doc_word_count,9640,,,,,0.5511747925311199,
commoncrawl,indicator,rps_doc_num_sentences,9640,0.47326405918739833,0.805246901241852,0.9623403567398202,,,
commoncrawl,indicator_LOO_deviation,rps_doc_num_sentences,9640,,,,,0.5455964730290456,
commoncrawl,indicator,rps_doc_mean_word_length,9640,0.4324765360018244,0.7768906689263115,0.9607343963901809,,,
commoncrawl,indicator_LOO_deviation,rps_doc_mean_word_length,9640,,,,,0.6082053941908713,
commoncrawl,indicator,rps_doc_unigram_entropy,9640,0.42444724232575504,0.780366353049223,0.9630642962879452,,,
commoncrawl,indicator_LOO_deviation,rps_doc_unigram_entropy,9640,,,,,0.5329732883817425,
commoncrawl,indicator,rps_doc_frac_no_alph_words,9640,0.617914698092447,0.7978700917458299,0.9149173774491858,,,
commoncrawl,indicator_LOO_deviation,rps_doc_frac_no_alph_words,9640,,,,,0.5785153008298753,
commoncrawl,indicator,rps_doc_frac_unique_words,9640,0.28168889231680566,0.5683695480331534,0.79916235360239,,,
commoncrawl,indicator_LOO_deviation,rps_doc_frac_unique_words,9640,,,,,0.6798534751037344,
commoncrawl,indicator,rps_doc_frac_chars_top_2gram,9640,0.5853059639184596,0.8725769199316478,0.9716437965879389,,,
commoncrawl,indicator_LOO_deviation,rps_doc_frac_chars_top_2gram,9640,,,,,0.6095513485477178,
commoncrawl,indicator,rps_doc_frac_chars_top_3gram,9640,0.57912679965052,0.8476813384916102,0.9500426988614511,,,
commoncrawl,indicator_LOO_deviation,rps_doc_frac_chars_top_3gram,9640,,,,,0.6201322614107884,
commoncrawl,indicator,rps_lines_uppercase_letter_fraction,9640,0.5309981669341696,0.7760494371623148,0.9247005614687893,,,
commoncrawl,indicator_LOO_deviation,rps_lines_uppercase_letter_fraction,9640,,,,,0.5751568983402489,
commoncrawl,indicator,rps_lines_ending_with_terminal_punctution_mark,9640,0.20995602151574597,0.5528945409851537,0.853530947645831,,,
commoncrawl,indicator_LOO_deviation,rps_lines_ending_with_terminal_punctution_mark,9640,,,,,0.5669540975103732,
commoncrawl,indicator,rps_lines_numerical_chars_fraction,9640,0.5974530018963867,0.8822415297055015,0.9797192601139586,,,
commoncrawl,indicator_LOO_deviation,rps_lines_numerical_chars_fraction,9640,,,,,0.5638485477178423,
commoncrawl,between_six_sources,B=max U-min U,9640,,,,0.8407676348547718,0.8829901452282158,0.9152489626556016
commoncrawl,legacy_four_matched_tail,c_four_A1_frozen,9640,,,,,0.8532157676348547,
commoncrawl,source_center,RPS,9640,0.2213174273858921,0.4933350622406639,0.7195643153526972,,,
commoncrawl,source_internal_span,RPS,9640,,,,,0.8761410788381743,
commoncrawl,source_max_single_deviation,RPS,9640,,,,,0.7876063278008298,
commoncrawl,source_center,DSIR,9640,0.09971991701244816,0.504045643153527,0.8871991701244814,,,
commoncrawl,source_internal_span,DSIR,9640,,,,,0.27046058091286307,
commoncrawl,source_max_single_deviation,DSIR,9640,,,,,0.29559387966804973,
commoncrawl,source_center,轻量分类器,9640,0.18860995850622406,0.4975363070539419,0.8190897302904564,,,
commoncrawl,source_internal_span,轻量分类器,9640,,,,,0.5536576763485476,
commoncrawl,source_max_single_deviation,轻量分类器,9640,,,,,,
commoncrawl,source_center,FineWeb-Edu,9640,0.10004149377593362,0.5,0.8999585062240665,,,
commoncrawl,source_internal_span,FineWeb-Edu,9640,,,,,,
commoncrawl,source_max_single_deviation,FineWeb-Edu,9640,,,,,,
commoncrawl,source_center,QuRating,9640,0.1379149377593361,0.5013096473029046,0.8419087136929463,,,
commoncrawl,source_internal_span,QuRating,9640,,,,,0.5632826763485472,
commoncrawl,source_max_single_deviation,QuRating,9640,,,,,0.6076867219917012,
commoncrawl,source_center,ModernBERT,9640,0.18178423236514527,0.4931535269709544,0.8311721991701244,,,
commoncrawl,source_internal_span,ModernBERT,9640,,,,,0.6681706431535269,
commoncrawl,source_max_single_deviation,ModernBERT,9640,,,,,0.7164989626556016,
github,indicator,fineweb_edu,10000,0.2298861740091162,0.4600451239784814,0.6821303044963164,,,
github,indicator,fluency_en,10000,0.10728541045349702,0.5504485442758198,0.9384550990284505,,,
github,indicator,ad_en,10000,0.8163252557447481,0.9853056395036682,0.9983386191449493,,,
github,indicator,qurater_writing,10000,0.1764502825166693,0.3954836204554489,0.6222912898334135,,,
github,indicator_LOO_deviation,qurater_writing,10000,,,,,0.5754149999999998,
github,indicator,qurater_expertise,10000,0.2837337790373365,0.5898964678093959,0.8291626908153232,,,
github,indicator_LOO_deviation,qurater_expertise,10000,,,,,0.5662674999999997,
github,indicator,qurater_facts,10000,0.15393734953471347,0.38941799276343947,0.6194214229372718,,,
github,indicator_LOO_deviation,qurater_facts,10000,,,,,0.43650999999999984,
github,indicator,qurater_edu,10000,0.19202156688154212,0.45472944970805085,0.7103078696959871,,,
github,indicator_LOO_deviation,qurater_edu,10000,,,,,0.3822099999999998,
github,indicator,modernbert_professionalism,10000,0.5079114933458884,0.850089600972548,0.9996973371611559,,,
github,indicator_LOO_deviation,modernbert_professionalism,10000,,,,,0.7151349999999995,
github,indicator,modernbert_readability,10000,0.14484799156832753,0.5077093829566296,0.8239980747947745,,,
github,indicator_LOO_deviation,modernbert_readability,10000,,,,,0.6337099999999998,
github,indicator,modernbert_reasoning,10000,0.01732712046455144,0.21014862590282696,0.44766192791712955,,,
github,indicator_LOO_deviation,modernbert_reasoning,10000,,,,,0.5639,
github,indicator,modernbert_cleanliness,10000,0.0011662800966386006,0.2548813472392846,0.6159872682758358,,,
github,indicator_LOO_deviation,modernbert_cleanliness,10000,,,,,0.6392349999999994,
github,indicator,dsir_books,10000,0.5024949576888332,0.7333023867854849,0.8763139967792363,,,
github,indicator_LOO_deviation,dsir_books,10000,,,,,0.035599999999999965,
github,indicator,dsir_wiki,10000,0.5008876563355062,0.7306867931490562,0.8719210527818753,,,
github,indicator_LOO_deviation,dsir_wiki,10000,,,,,0.03990000000000005,
github,indicator,dsir_math,10000,0.5140292391649607,0.7499164355881245,0.8845459099795139,,,
github,indicator_LOO_deviation,dsir_math,10000,,,,,0.06474999999999997,
github,indicator,rps_doc_word_count,10000,0.3705770442988352,0.7382855628228354,0.957039711369826,,,
github,indicator_LOO_deviation,rps_doc_word_count,10000,,,,,0.6392849999999999,
github,indicator,rps_doc_num_sentences,10000,0.2786281266662992,0.7063308415284566,0.9450627830207193,,,
github,indicator_LOO_deviation,rps_doc_num_sentences,10000,,,,,0.59760375,
github,indicator,rps_doc_mean_word_length,10000,0.4583106690034076,0.7785708153728689,0.9608206731756448,,,
github,indicator_LOO_deviation,rps_doc_mean_word_length,10000,,,,,0.6350337499999995,
github,indicator,rps_doc_unigram_entropy,10000,0.5403151737839993,0.8183969355422235,0.9692754396960334,,,
github,indicator_LOO_deviation,rps_doc_unigram_entropy,10000,,,,,0.6735812499999999,
github,indicator,rps_doc_frac_no_alph_words,10000,0.2762812556097548,0.5615559124053697,0.8191053838067334,,,
github,indicator_LOO_deviation,rps_doc_frac_no_alph_words,10000,,,,,0.5719937499999996,
github,indicator,rps_doc_frac_unique_words,10000,0.204965476940829,0.5109947018679005,0.8572812591424415,,,
github,indicator_LOO_deviation,rps_doc_frac_unique_words,10000,,,,,0.5241337499999998,
github,indicator,rps_doc_frac_chars_top_2gram,10000,0.625,0.9166666666666666,1.0,,,
github,indicator_LOO_deviation,rps_doc_frac_chars_top_2gram,10000,,,,,0.5824599999999999,
github,indicator,rps_doc_frac_chars_top_3gram,10000,0.68,0.96,1.0,,,
github,indicator_LOO_deviation,rps_doc_frac_chars_top_3gram,10000,,,,,0.5398574999999999,
github,indicator,rps_lines_uppercase_letter_fraction,10000,0.3313205077502275,0.6456008444184309,0.8586950926510064,,,
github,indicator_LOO_deviation,rps_lines_uppercase_letter_fraction,10000,,,,,0.7196612499999998,
github,indicator,rps_lines_ending_with_terminal_punctution_mark,10000,0.13354700854700857,0.3038194444444444,0.5876068376068376,,,
github,indicator_LOO_deviation,rps_lines_ending_with_terminal_punctution_mark,10000,,,,,0.6168249999999996,
github,indicator,rps_lines_numerical_chars_fraction,10000,0.6506606176191339,0.9468140583317897,1.0,,,
github,indicator_LOO_deviation,rps_lines_numerical_chars_fraction,10000,,,,,0.5669599999999998,
github,between_six_sources,B=max U-min U,10000,,,,0.883105,0.925,0.9533587499999999
github,legacy_four_matched_tail,c_four_A1_frozen,10000,,,,,0.8856525,
github,source_center,RPS,10000,0.30155,0.5135,0.733365,,,
github,source_internal_span,RPS,10000,,,,,0.87355,
github,source_max_single_deviation,RPS,10000,,,,,0.7742387499999999,
github,source_center,DSIR,10000,0.10005,0.49960000000000004,0.89966,,,
github,source_internal_span,DSIR,10000,,,,,0.05751999999999991,
github,source_max_single_deviation,DSIR,10000,,,,,0.06530000000000002,
github,source_center,轻量分类器,10000,0.1665025,0.503325,0.8287550000000001,,,
github,source_internal_span,轻量分类器,10000,,,,,0.536726,
github,source_max_single_deviation,轻量分类器,10000,,,,,,
github,source_center,FineWeb-Edu,10000,0.10004,0.5,0.8999600000000001,,,
github,source_internal_span,FineWeb-Edu,10000,,,,,,
github,source_max_single_deviation,FineWeb-Edu,10000,,,,,,
github,source_center,QuRating,10000,0.13194000000000003,0.5056,0.8491525000000001,,,
github,source_internal_span,QuRating,10000,,,,,0.5959904999999998,
github,source_max_single_deviation,QuRating,10000,,,,,0.6645025,
github,source_center,ModernBERT,10000,0.169345,0.5138750000000001,0.812965,,,
github,source_internal_span,ModernBERT,10000,,,,,0.6998979999999998,
github,source_max_single_deviation,ModernBERT,10000,,,,,0.7630049999999999,
stackexchange,indicator,fineweb_edu,10000,0.16293720018629299,0.36203744510101266,0.6735194509782051,,,
stackexchange,indicator,fluency_en,10000,0.3256331959496187,0.8896245043415087,0.992310636926428,,,
stackexchange,indicator,ad_en,10000,0.8539817680251565,0.9894642816989843,0.9984305675097167,,,
stackexchange,indicator,qurater_writing,10000,0.17548577690186523,0.4070049811950853,0.6776726593534211,,,
stackexchange,indicator_LOO_deviation,qurater_writing,10000,,,,,0.43111249999999984,
stackexchange,indicator,qurater_expertise,10000,0.14709868581864577,0.3658622861946372,0.6371245799408985,,,
stackexchange,indicator_LOO_deviation,qurater_expertise,10000,,,,,0.4431574999999999,
stackexchange,indicator,qurater_facts,10000,0.16763223137862243,0.4273468321192073,0.7094160086167887,,,
stackexchange,indicator_LOO_deviation,qurater_facts,10000,,,,,0.3862624999999999,
stackexchange,indicator,qurater_edu,10000,0.2126658910974894,0.4759829453518996,0.7484163822256865,,,
stackexchange,indicator_LOO_deviation,qurater_edu,10000,,,,,0.3779,
stackexchange,indicator,modernbert_professionalism,10000,0.34243768228944615,0.6450518807872201,0.9624075314310624,,,
stackexchange,indicator_LOO_deviation,modernbert_professionalism,10000,,,,,0.5595,
stackexchange,indicator,modernbert_readability,10000,0.23240812531443938,0.770214180845929,0.8980303601128176,,,
stackexchange,indicator_LOO_deviation,modernbert_readability,10000,,,,,0.48183999999999944,
stackexchange,indicator,modernbert_reasoning,10000,0.19456666838967304,0.2930213278279547,0.8139481084606625,,,
stackexchange,indicator_LOO_deviation,modernbert_reasoning,10000,,,,,0.4648,
stackexchange,indicator,modernbert_cleanliness,10000,0.6264795830183103,0.6505555545712923,0.9934651020614462,,,
stackexchange,indicator_LOO_deviation,modernbert_cleanliness,10000,,,,,0.5282,
stackexchange,indicator,dsir_books,10000,0.5554353220441655,0.8453969332730795,0.9719725487708613,,,
stackexchange,indicator_LOO_deviation,dsir_books,10000,,,,,0.054400000000000004,
stackexchange,indicator,dsir_wiki,10000,0.5532008458573362,0.8464339815274996,0.9722944419147488,,,
stackexchange,indicator_LOO_deviation,dsir_wiki,10000,,,,,0.05349999999999999,
stackexchange,indicator,dsir_math,10000,0.5636498310481909,0.8527354956932927,0.9727389463610058,,,
stackexchange,indicator_LOO_deviation,dsir_math,10000,,,,,0.08894999999999997,
stackexchange,indicator,rps_doc_word_count,10000,0.372866871173236,0.7503332409665537,0.9572579804145377,,,
stackexchange,indicator_LOO_deviation,rps_doc_word_count,10000,,,,,0.5432137499999997,
stackexchange,indicator,rps_doc_num_sentences,10000,0.4137497624976031,0.7653471667391961,0.9580339446826931,,,
stackexchange,indicator_LOO_deviation,rps_doc_num_sentences,10000,,,,,0.5348174999999997,
stackexchange,indicator,rps_doc_mean_word_length,10000,0.5819330826744299,0.8545886759243073,0.9717705886681907,,,
stackexchange,indicator_LOO_deviation,rps_doc_mean_word_length,10000,,,,,0.5846262499999999,
stackexchange,indicator,rps_doc_unigram_entropy,10000,0.422301363353853,0.7700285668288429,0.9618365832453281,,,
stackexchange,indicator_LOO_deviation,rps_doc_unigram_entropy,10000,,,,,0.5342224999999997,
stackexchange,indicator,rps_doc_frac_no_alph_words,10000,0.5287972141203818,0.8111468041514114,0.9545815818148946,,,
stackexchange,indicator_LOO_deviation,rps_doc_frac_no_alph_words,10000,,,,,0.56927875,
stackexchange,indicator,rps_doc_frac_unique_words,10000,0.2177286035685241,0.48273582594171205,0.7587023498323554,,,
stackexchange,indicator_LOO_deviation,rps_doc_frac_unique_words,10000,,,,,0.6235174999999997,
stackexchange,indicator,rps_doc_frac_chars_top_2gram,10000,0.5606959781720725,0.8433787503749608,0.9491733377833612,,,
stackexchange,indicator_LOO_deviation,rps_doc_frac_chars_top_2gram,10000,,,,,0.6196662499999996,
stackexchange,indicator,rps_doc_frac_chars_top_3gram,10000,0.5510466729682549,0.8390064280601579,1.0,,,
stackexchange,indicator_LOO_deviation,rps_doc_frac_chars_top_3gram,10000,,,,,0.5922362499999998,
stackexchange,indicator,rps_lines_uppercase_letter_fraction,10000,0.25533564300203704,0.5912578601868993,0.8365983724015141,,,
stackexchange,indicator_LOO_deviation,rps_lines_uppercase_letter_fraction,10000,,,,,0.6997025,
stackexchange,indicator,rps_lines_ending_with_terminal_punctution_mark,10000,0.11399187821563897,0.33667841149833927,0.8389076142210252,,,
stackexchange,indicator_LOO_deviation,rps_lines_ending_with_terminal_punctution_mark,10000,,,,,0.6023037499999996,
stackexchange,indicator,rps_lines_numerical_chars_fraction,10000,0.7609633446464393,0.964760697211911,1.0,,,
stackexchange,indicator_LOO_deviation,rps_lines_numerical_chars_fraction,10000,,,,,0.5886075,
stackexchange,between_six_sources,B=max U-min U,10000,,,,0.8653,0.9065099999999998,0.9360087499999998
stackexchange,legacy_four_matched_tail,c_four_A1_frozen,10000,,,,,0.855305,
stackexchange,source_center,RPS,10000,0.247945,0.4955,0.6984600000000001,,,
stackexchange,source_internal_span,RPS,10000,,,,,0.8831649999999998,
stackexchange,source_max_single_deviation,RPS,10000,,,,,0.7821699999999996,
stackexchange,source_center,DSIR,10000,0.09884,0.498,0.89846,,,
stackexchange,source_internal_span,DSIR,10000,,,,,0.07916199999999998,
stackexchange,source_max_single_deviation,DSIR,10000,,,,,0.08955499999999991,
stackexchange,source_center,轻量分类器,10000,0.162635,0.506675,0.8309325,,,
stackexchange,source_internal_span,轻量分类器,10000,,,,,0.502524,
stackexchange,source_max_single_deviation,轻量分类器,10000,,,,,,
stackexchange,source_center,FineWeb-Edu,10000,0.10004,0.5,0.8999600000000001,,,
stackexchange,source_internal_span,FineWeb-Edu,10000,,,,,,
stackexchange,source_max_single_deviation,FineWeb-Edu,10000,,,,,,
stackexchange,source_center,QuRating,10000,0.132045,0.4933625,0.8725300000000001,,,
stackexchange,source_internal_span,QuRating,10000,,,,,0.4920632499999993,
stackexchange,source_max_single_deviation,QuRating,10000,,,,,0.5281075,
stackexchange,source_center,ModernBERT,10000,0.15445,0.49529999999999996,0.8611450000000002,,,
stackexchange,source_internal_span,ModernBERT,10000,,,,,0.5984605,
stackexchange,source_max_single_deviation,ModernBERT,10000,,,,,0.6474149999999997,
wikipedia,indicator,fineweb_edu,10000,0.13965221562333974,0.33763952615863113,0.645454146769181,,,
wikipedia,indicator,fluency_en,10000,0.1366306889645914,0.7872044118018887,0.9989346267315121,,,
wikipedia,indicator,ad_en,10000,0.8191454468035743,0.9923495529662266,0.9995738334406635,,,
wikipedia,indicator,qurater_writing,10000,0.10868939073455681,0.3411355433344434,0.6977029909721784,,,
wikipedia,indicator_LOO_deviation,qurater_writing,10000,,,,,0.49220249999999993,
wikipedia,indicator,qurater_expertise,10000,0.11920461092556245,0.37396525691429106,0.6962546163338195,,,
wikipedia,indicator_LOO_deviation,qurater_expertise,10000,,,,,0.44544999999999996,
wikipedia,indicator,qurater_facts,10000,0.12526682711479542,0.3491963519162291,0.7103160640478903,,,
wikipedia,indicator_LOO_deviation,qurater_facts,10000,,,,,0.55015,
wikipedia,indicator,qurater_edu,10000,0.1201321297613977,0.3135311817234345,0.6224225867101557,,,
wikipedia,indicator_LOO_deviation,qurater_edu,10000,,,,,0.3608025,
wikipedia,indicator,modernbert_professionalism,10000,0.018735354077857178,0.2139481212803633,0.6058745501208747,,,
wikipedia,indicator_LOO_deviation,modernbert_professionalism,10000,,,,,0.4993149999999998,
wikipedia,indicator,modernbert_readability,10000,0.4025437637984999,0.7758048794636292,0.9722060471699115,,,
wikipedia,indicator_LOO_deviation,modernbert_readability,10000,,,,,0.6618049999999999,
wikipedia,indicator,modernbert_reasoning,10000,0.15220248353822613,0.16818976868309293,0.345255268069701,,,
wikipedia,indicator_LOO_deviation,modernbert_reasoning,10000,,,,,0.41662999999999956,
wikipedia,indicator,modernbert_cleanliness,10000,0.025720837625922716,0.6614222608986999,0.996697713093491,,,
wikipedia,indicator_LOO_deviation,modernbert_cleanliness,10000,,,,,0.46052499999999963,
wikipedia,indicator,dsir_books,10000,0.4974684794091751,0.6884996162952923,0.8777516074057979,,,
wikipedia,indicator_LOO_deviation,dsir_books,10000,,,,,0.15230499999999997,
wikipedia,indicator,dsir_wiki,10000,0.47416107744123426,0.6597014946730682,0.8838271711094562,,,
wikipedia,indicator_LOO_deviation,dsir_wiki,10000,,,,,0.10475499999999993,
wikipedia,indicator,dsir_math,10000,0.48916188844383013,0.6881909495128639,0.8660845444114018,,,
wikipedia,indicator_LOO_deviation,dsir_math,10000,,,,,0.1202049999999999,
wikipedia,indicator,rps_doc_word_count,10000,0.3641670342946066,0.70601537787028,0.9496320292443997,,,
wikipedia,indicator_LOO_deviation,rps_doc_word_count,10000,,,,,0.5481387499999998,
wikipedia,indicator,rps_doc_num_sentences,10000,0.361214989070898,0.7362720394605068,0.9446109648921197,,,
wikipedia,indicator_LOO_deviation,rps_doc_num_sentences,10000,,,,,0.5272549999999999,
wikipedia,indicator,rps_doc_mean_word_length,10000,0.47615938428894583,0.7731388711698587,0.9570224385192299,,,
wikipedia,indicator_LOO_deviation,rps_doc_mean_word_length,10000,,,,,0.5986049999999999,
wikipedia,indicator,rps_doc_unigram_entropy,10000,0.4213707546087303,0.7574697908014599,0.9576097676484532,,,
wikipedia,indicator_LOO_deviation,rps_doc_unigram_entropy,10000,,,,,0.5429662499999997,
wikipedia,indicator,rps_doc_frac_no_alph_words,10000,0.05832779617772345,0.9147560204039924,0.9673014891287741,,,
wikipedia,indicator_LOO_deviation,rps_doc_frac_no_alph_words,10000,,,,,0.6064337499999995,
wikipedia,indicator,rps_doc_frac_unique_words,10000,0.22474810075443738,0.520944060239605,0.8058541348634589,,,
wikipedia,indicator_LOO_deviation,rps_doc_frac_unique_words,10000,,,,,0.5899075,
wikipedia,indicator,rps_doc_frac_chars_top_2gram,10000,0.5040111153519553,0.8846872639779327,0.9741170721734945,,,
wikipedia,indicator_LOO_deviation,rps_doc_frac_chars_top_2gram,10000,,,,,0.5901324999999995,
wikipedia,indicator,rps_doc_frac_chars_top_3gram,10000,0.6923076923076923,0.9615384615384616,1.0,,,
wikipedia,indicator_LOO_deviation,rps_doc_frac_chars_top_3gram,10000,,,,,0.5695062499999999,
wikipedia,indicator,rps_lines_uppercase_letter_fraction,10000,0.12953796925670988,0.31838164565328475,0.5978055230918689,,,
wikipedia,indicator_LOO_deviation,rps_lines_uppercase_letter_fraction,10000,,,,,0.6996787499999999,
wikipedia,indicator,rps_lines_ending_with_terminal_punctution_mark,10000,0.3165577366675665,0.6203193273584388,0.8437432818851524,,,
wikipedia,indicator_LOO_deviation,rps_lines_ending_with_terminal_punctution_mark,10000,,,,,0.6132624999999999,
wikipedia,indicator,rps_lines_numerical_chars_fraction,10000,0.6133924771323634,0.8967589000111656,0.9990492510973592,,,
wikipedia,indicator_LOO_deviation,rps_lines_numerical_chars_fraction,10000,,,,,0.6097287499999999,
wikipedia,between_six_sources,B=max U-min U,10000,,,,0.8303600000000001,0.8786574999999999,0.9117574999999999
wikipedia,legacy_four_matched_tail,c_four_A1_frozen,10000,,,,,0.8324024999999999,
wikipedia,source_center,RPS,10000,0.2827,0.4952,0.690505,,,
wikipedia,source_internal_span,RPS,10000,,,,,0.8900149999999998,
wikipedia,source_max_single_deviation,RPS,10000,,,,,0.77495375,
wikipedia,source_center,DSIR,10000,0.09874000000000001,0.49324999999999997,0.8986700000000001,,,
wikipedia,source_internal_span,DSIR,10000,,,,,0.15248400000000012,
wikipedia,source_max_single_deviation,DSIR,10000,,,,,0.16991499999999984,
wikipedia,source_center,轻量分类器,10000,0.1528025,0.49339999999999995,0.8576275,,,
wikipedia,source_internal_span,轻量分类器,10000,,,,,0.45422399999999963,
wikipedia,source_max_single_deviation,轻量分类器,10000,,,,,,
wikipedia,source_center,FineWeb-Edu,10000,0.10004,0.5,0.8999600000000001,,,
wikipedia,source_internal_span,FineWeb-Edu,10000,,,,,,
wikipedia,source_max_single_deviation,FineWeb-Edu,10000,,,,,,
wikipedia,source_center,QuRating,10000,0.1442475,0.5106125,0.8640850000000001,,,
wikipedia,source_internal_span,QuRating,10000,,,,,0.5572509999999999,
wikipedia,source_max_single_deviation,QuRating,10000,,,,,0.6021724999999997,
wikipedia,source_center,ModernBERT,10000,0.139645,0.489325,0.8438150000000001,,,
wikipedia,source_internal_span,ModernBERT,10000,,,,,0.6055895,
wikipedia,source_max_single_deviation,ModernBERT,10000,,,,,0.6840999999999999,
