dataset,hi_ind,n,share
A2,dsir_math,538,0.14552339734920205
A2,dsir_wiki,445,0.12036786583716527
A2,ad_en,421,0.11387611576954287
A2,fluency_en,348,0.09413037598052475
A2,dsir_books,249,0.06735190695158236
A2,qurater_edu,213,0.05761428185014877
A2,qurater_writing,169,0.045712740059507706
A2,rps_doc_frac_no_alph_words,131,0.035434135785772244
A2,rps_doc_num_sentences,114,0.030835812821206385
A2,qurater_facts,113,0.03056532323505545
A2,rps_doc_word_count,107,0.02894238571814985
A2,rps_lines_ending_with_terminal_punctution_mark,101,0.027319448201244254
A2,qurater_expertise,87,0.023532593995131187
A2,rps_lines_uppercase_letter_fraction,82,0.022180146064376523
A2,rps_doc_frac_chars_top_2gram,81,0.021909656478225587
A2,rps_doc_mean_word_length,75,0.020286718961319988
A2,fineweb_edu,68,0.018393291858263456
A2,modernbert_reasoning,68,0.018393291858263456
A2,rps_doc_unigram_entropy,65,0.017581823099810656
A2,rps_lines_numerical_chars_fraction,65,0.017581823099810656
A2,rps_doc_frac_chars_top_3gram,57,0.015417906410603192
A2,modernbert_readability,49,0.013253989721395727
A2,modernbert_professionalism,26,0.007032729239924263
A2,modernbert_cleanliness,17,0.004598322964565864
A2,rps_doc_frac_unique_words,8,0.0021639166892074655
A3,fluency_en,7151,0.15353071258346393
A3,dsir_books,6864,0.14736887304892973
A3,dsir_math,6266,0.13452991819996996
A3,dsir_wiki,6249,0.13416493118921355
A3,rps_lines_uppercase_letter_fraction,2023,0.04343345428000945
A3,modernbert_reasoning,1886,0.04049208836979625
A3,ad_en,1684,0.03615518388904395
A3,modernbert_cleanliness,1418,0.03044421066191468
A3,modernbert_readability,1301,0.027932241234944286
A3,rps_doc_num_sentences,1261,0.027073448268458682
A3,fineweb_edu,1186,0.025463211456298172
A3,rps_doc_word_count,1171,0.02514116409386607
A3,qurater_writing,1077,0.0231230006226249
A3,qurater_expertise,1014,0.021770401700410072
A3,rps_doc_unigram_entropy,985,0.02114777679970801
A3,rps_doc_mean_word_length,915,0.019644889108358203
A3,qurater_facts,872,0.018721686669386176
A3,qurater_edu,771,0.016553234429010025
A3,rps_lines_ending_with_terminal_punctution_mark,756,0.016231187066577925
A3,modernbert_professionalism,723,0.0155226828692273
A3,rps_doc_frac_no_alph_words,562,0.012066041179122742
A3,rps_doc_frac_unique_words,300,0.006440947248642034
A3,rps_doc_frac_chars_top_2gram,66,0.0014170083947012474
A3,rps_lines_numerical_chars_fraction,62,0.001331129098052687
A3,rps_doc_frac_chars_top_3gram,14,0.0003005775382699616
