tau,conflict_rate
0.3,0.891059925824712
0.31,0.8818270544602772
0.32,0.8724965840327933
0.32999999999999996,0.8618973257856725
0.33999999999999997,0.8509857505367948
0.35,0.8403474526644544
0.36,0.8286746047237946
0.37,0.8167675190318173
0.38,0.8039430021471794
0.38999999999999996,0.7917235994534453
0.39999999999999997,0.7778254928752684
0.41,0.7640640249853602
0.42,0.7497169627171579
0.42999999999999994,0.7351356626976381
0.43999999999999995,0.7203591645520203
0.44999999999999996,0.7049970720281086
0.45999999999999996,0.6900839351942222
0.47,0.6733359359750146
0.48,0.6566660160062463
0.49,0.6404645715401133
0.49999999999999994,0.6240484091352723
0.51,0.6062268202225258
0.52,0.588834667187195
0.5299999999999999,0.5713839547140347
0.5399999999999999,0.5546164356822174
0.5499999999999999,0.5379660355260589
0.5599999999999999,0.5204567636150693
0.57,0.5025375756392738
0.58,0.48471598672652744
0.59,0.4682412648838571
0.5999999999999999,0.45231309779426115
0.6099999999999999,0.4357017372633223
0.6199999999999999,0.41817294553972284
0.6299999999999999,0.4003123170017568
0.6399999999999999,0.38290064415381614
0.6499999999999999,0.3667772789381222
0.6599999999999999,0.3500292797189147
0.6699999999999999,0.33398399375365995
0.6799999999999999,0.3188170993558462
0.69,0.30230333788795627
0.7,0.28764395861799724
0.71,0.2723013859066953
0.72,0.25809096232676165
0.73,0.24347062268202224
0.74,0.22970915479211398
0.75,0.21462033964473942
0.7599999999999999,0.20152254538356432
0.7699999999999999,0.18830763224673044
0.7799999999999999,0.1758149521764591
0.7899999999999999,0.1627757173531134
0.7999999999999999,0.15030255709545187
0.8099999999999998,0.137282842084716
0.8199999999999998,0.1257075932071052
0.8299999999999998,0.11485457739605699
0.8399999999999999,0.10419675971110677
0.8499999999999999,0.09338278352527815
0.8599999999999999,0.08420847159867265
0.8699999999999999,0.07532695686121413
0.8799999999999999,0.06556705055631466
0.8899999999999999,0.05703689244583252
0.8999999999999999,0.048975209837985555
0.9099999999999999,0.04218231504977552
0.9199999999999999,0.0351551825102479
0.9299999999999999,0.027913332032012492
0.94,0.02166699199687683
0.95,0.016045285965254733
