domain,band,n,Q_med,fineweb_edu,qurater_edu,modernbert_professionalism,fluency_en,ad_en,rps_doc_word_count,rps_doc_frac_no_alph_words,rps_doc_frac_chars_top_2gram
arxiv,top5,71,0.8134529648469964,2.691354751586914,7.3671875,4.9998637647076,0.9973785590538324,0.9974391291574908,4923.0,25.00974834278172,0.9427847504566613
arxiv,mid,142,0.7131903945165062,2.1035611629486084,5.7265625,4.99992733519988,0.9953679151619673,0.9990769507225392,5545.5,29.254190797412676,1.028986676963719
arxiv,bot5,70,0.2669200273973942,1.462042510509491,3.9599609375,4.999859708269668,0.9662484737182111,0.9974129618845364,8032.0,35.19839524265408,1.1196595232502093
book,top5,9,0.6653117657475497,1.8347471952438354,4.609375,3.1635137210543203,0.9880389017501905,0.9844712884029427,69024.0,20.71512773714322,0.7291003567780426
book,mid,18,0.5081756239458246,1.3204309940338135,-0.26202392578125,1.9694622991086628,0.8368228872697965,0.9804563465399867,62785.0,22.90865729718253,0.6424864681230216
book,bot5,8,0.22445372243938727,0.9114323556423187,-0.24221038818359375,1.313838019191063,0.6734413878397252,0.9888080756628005,44537.5,25.7292517058939,0.8730845110169838
c4,top5,501,0.7524066317901081,2.1360487937927246,6.62890625,3.0992083355720985,0.9987331091997238,0.9917163731139695,277.0,18.504190844616375,2.1246458923512748
c4,mid,1000,0.4986292491692237,0.9870596826076508,1.20947265625,1.1468856165801928,0.9951702782541956,0.9574968854739032,223.0,20.61493794987323,2.3912009294921646
c4,bot5,499,0.1382297272562777,0.5016754269599915,-4.1796875,1.0126449110161042,0.09085641347209654,0.7902067130085041,119.0,21.565458675732955,6.626630772416648
commoncrawl,top5,483,0.781076891487363,2.3166635036468506,5.9140625,3.1443113476333413,0.9976813599655814,0.9719392602342918,821.0,19.188716378744815,1.2979521199884627
commoncrawl,mid,964,0.5571593079344893,1.1561527848243713,1.091796875,1.8143712797941183,0.9856145473147768,0.9798516193177973,655.5,20.75898562470735,1.662600230979815
commoncrawl,bot5,481,0.1709455034994997,0.8544737100601196,-2.892578125,1.289055278397068,0.3899820441068314,0.9613165029135924,657.0,23.259859809137737,3.2712596473837
github,top5,501,0.702722598646265,1.611005425453186,3.240234375,4.77828421170443,0.8557908972608739,0.9942250701465559,201.0,30.78880407124683,2.0
github,mid,1000,0.5330263008425598,1.087620198726654,0.1651611328125,4.396302352725835,0.5682023635113198,0.9957684125218387,95.0,35.761549116501946,3.0
github,bot5,499,0.158022347782622,0.9082817435264587,-2.44140625,3.4853466830086948,0.1756087510587775,0.9876400801786768,41.0,35.263157894736835,1.0
stackexchange,top5,501,0.7694508524378898,2.0323572158813477,6.59375,4.885440598656646,0.9792947486630165,0.9990434035418724,259.0,27.35674676524954,2.4205748865355523
stackexchange,mid,1000,0.5897350784518254,1.4455592036247253,2.583984375,3.8557729808614187,0.8774505154200389,0.9981141412927083,223.5,29.603184813843214,2.5423757343163493
stackexchange,bot5,499,0.20808070044822258,1.1175446510314941,-0.0391845703125,3.6243840235994433,0.41951417506479194,0.9956936946899365,139.0,34.34478294291378,4.8034934497816595
wikipedia,top5,501,0.6923668330585393,2.0867555141448975,3.25390625,3.1670732817430918,0.9935117304033434,0.9982108408384048,349.0,20.76655052264809,2.0562028786840303
wikipedia,mid,1000,0.48372279907195637,0.9885662794113159,-1.1865234375,1.6439727206867794,0.7659436350563285,0.9977546988982162,160.5,23.55810143967919,3.3581833297187886
wikipedia,bot5,499,0.1570233911002205,0.41121166944503784,-3.228515625,1.0925630319241855,0.5156199157230156,0.9955229190032395,30.0,27.017543859649123,9.777777777777779
