domain,band,n,non_en_share,fluency_med_nonEN,fineweb_med
arxiv,top5,71,0.0,,2.691354751586914
arxiv,mid,142,0.0,,2.1035611629486084
arxiv,bot5,70,0.18571428571428572,0.8547028186273657,1.462042510509491
book,top5,9,0.0,,1.8347471952438354
book,mid,18,0.0,,1.3204309940338135
book,bot5,8,0.25,0.8753475793156482,0.9114323556423187
c4,top5,501,0.0,,2.1360487937927246
c4,mid,1000,0.001,0.9960622612315975,0.9870596826076508
c4,bot5,499,0.1623246492985972,0.021635994865092694,0.5016754269599915
commoncrawl,top5,483,0.0,,2.3166635036468506
commoncrawl,mid,964,0.0,,1.1561527848243713
commoncrawl,bot5,481,0.09771309771309772,0.39692985822241217,0.8544737100601196
github,top5,501,0.24550898203592814,0.7919417778984053,1.611005425453186
github,mid,1000,0.73,0.5819416317373404,1.087620198726654
github,bot5,499,0.6813627254509018,0.17052838286333646,0.9082817435264587
stackexchange,top5,501,0.0,,2.0323572158813477
stackexchange,mid,1000,0.017,0.8015865926272215,1.4455592036247253
stackexchange,bot5,499,0.312625250501002,0.2020224022264665,1.1175446510314941
wikipedia,top5,501,0.47704590818363274,0.9304582554941719,2.0867555141448975
wikipedia,mid,1000,0.734,0.6922000147255846,0.9885662794113159
wikipedia,bot5,499,0.5150300601202404,0.5832775362286848,0.41121166944503784
