dataset,domain,direction,new_weighted_share,legacy_four_share,within_old_model_group
A1,ALL,DSIR高×模型评分器低,0.15210204347260187,0.08983935332037246,False
A1,ALL,DSIR高×规则型低,0.027785370298060646,0.07234216719533408,False
A1,ALL,DSIR高×轻量分类器低,0.02585903943771964,0.07653739895630819,False
A1,ALL,模型评分器内部,0.04435333420104993,0.0,True
A1,ALL,模型评分器高×DSIR低,0.13109353984988503,0.09311368054844982,False
A1,ALL,模型评分器高×规则型低,0.14667664540760986,0.1130666120945462,False
A1,ALL,模型评分器高×轻量分类器低,0.05101848236366003,0.046659163000102324,False
A1,ALL,规则型高×DSIR低,0.023412078615124298,0.047068453903611994,False
A1,ALL,规则型高×模型评分器低,0.17321033450475076,0.08114192162079198,False
A1,ALL,规则型高×轻量分类器低,0.05904594559416893,0.1324056072853781,False
A1,ALL,轻量分类器高×DSIR低,0.031554514295631046,0.06702138544970838,False
A1,ALL,轻量分类器高×模型评分器低,0.07134691309818213,0.04092909035096695,False
A1,ALL,轻量分类器高×规则型低,0.0625417588615558,0.13987516627442956,False
A1,arxiv,DSIR高×模型评分器低,0.09667449139280124,0.04093567251461988,False
A1,arxiv,DSIR高×规则型低,0.020422535211267606,0.02631578947368421,False
A1,arxiv,DSIR高×轻量分类器低,0.06365414710485132,0.13450292397660818,False
A1,arxiv,模型评分器内部,0.23372456964006255,0.0,True
A1,arxiv,模型评分器高×DSIR低,0.12449139280125195,0.043859649122807015,False
A1,arxiv,模型评分器高×规则型低,0.10453834115805946,0.08771929824561403,False
A1,arxiv,模型评分器高×轻量分类器低,0.039593114241001565,0.10526315789473684,False
A1,arxiv,规则型高×DSIR低,0.0,0.06725146198830409,False
A1,arxiv,规则型高×模型评分器低,0.10582942097026604,0.06432748538011696,False
A1,arxiv,规则型高×轻量分类器低,0.06553208137715179,0.11988304093567251,False
A1,arxiv,轻量分类器高×DSIR低,0.041471048513302036,0.11403508771929824,False
A1,arxiv,轻量分类器高×模型评分器低,0.05672926447574335,0.04093567251461988,False
A1,arxiv,轻量分类器高×规则型低,0.047339593114241005,0.15497076023391812,False
A1,book,DSIR高×模型评分器低,0.25925925925925924,0.06976744186046512,False
A1,book,DSIR高×规则型低,0.14814814814814814,0.18604651162790697,False
A1,book,DSIR高×轻量分类器低,0.18518518518518517,0.11627906976744186,False
A1,book,模型评分器内部,0.0,0.0,True
A1,book,模型评分器高×DSIR低,0.05555555555555555,0.046511627906976744,False
A1,book,模型评分器高×规则型低,0.20370370370370366,0.13953488372093023,False
A1,book,模型评分器高×轻量分类器低,0.0,0.046511627906976744,False
A1,book,规则型高×DSIR低,0.0,0.023255813953488372,False
A1,book,规则型高×模型评分器低,0.1111111111111111,0.09302325581395349,False
A1,book,规则型高×轻量分类器低,0.0,0.046511627906976744,False
A1,book,轻量分类器高×DSIR低,0.0,0.046511627906976744,False
A1,book,轻量分类器高×模型评分器低,0.0,0.06976744186046512,False
A1,book,轻量分类器高×规则型低,0.037037037037037035,0.11627906976744186,False
A1,c4,DSIR高×模型评分器低,0.2368,0.10726846424384526,False
A1,c4,DSIR高×规则型低,0.04233333333333333,0.0738569753810082,False
A1,c4,DSIR高×轻量分类器低,0.021266666666666666,0.05744431418522861,False
A1,c4,模型评分器内部,0.013,0.0,True
A1,c4,模型评分器高×DSIR低,0.15183333333333332,0.10785463071512309,False
A1,c4,模型评分器高×规则型低,0.13236666666666663,0.09671746776084408,False
A1,c4,模型评分器高×轻量分类器低,0.014333333333333333,0.01875732708089097,False
A1,c4,规则型高×DSIR低,0.017599999999999998,0.03927315357561548,False
A1,c4,规则型高×模型评分器低,0.20446666666666666,0.09320046893317702,False
A1,c4,规则型高×轻量分类器低,0.03893333333333333,0.15357561547479484,False
A1,c4,轻量分类器高×DSIR低,0.0295,0.07151230949589683,False
A1,c4,轻量分类器高×模型评分器低,0.027499999999999993,0.01817116060961313,False
A1,c4,轻量分类器高×规则型低,0.07006666666666667,0.1623681125439625,False
A1,commoncrawl,DSIR高×模型评分器低,0.10238589211618257,0.07158712541620421,False
A1,commoncrawl,DSIR高×规则型低,0.0035269709543568465,0.017203107658157604,False
A1,commoncrawl,DSIR高×轻量分类器低,0.04415629322268326,0.10987791342952276,False
A1,commoncrawl,模型评分器内部,0.04598893499308437,0.0,True
A1,commoncrawl,模型评分器高×DSIR低,0.19553941908713693,0.12042175360710322,False
A1,commoncrawl,模型评分器高×规则型低,0.17047026279391425,0.1148723640399556,False
A1,commoncrawl,模型评分器高×轻量分类器低,0.05031120331950207,0.03496115427302997,False
A1,commoncrawl,规则型高×DSIR低,0.004477869986168741,0.009433962264150943,False
A1,commoncrawl,规则型高×模型评分器低,0.080515214384509,0.058823529411764705,False
A1,commoncrawl,规则型高×轻量分类器低,0.05176348547717842,0.10932297447280799,False
A1,commoncrawl,轻量分类器高×DSIR低,0.05814315352697095,0.09100998890122086,False
A1,commoncrawl,轻量分类器高×模型评分器低,0.126365836791148,0.1048834628190899,False
A1,commoncrawl,轻量分类器高×规则型低,0.06635546334716459,0.15760266370699222,False
A1,github,DSIR高×模型评分器低,0.20742039634825205,0.07124573378839591,False
A1,github,DSIR高×规则型低,0.04321977287909152,0.12244027303754267,False
A1,github,DSIR高×轻量分类器低,0.03867178802048541,0.11049488054607509,False
A1,github,模型评分器内部,0.04314183923402359,0.0,True
A1,github,模型评分器高×DSIR低,0.028139612558450235,0.01834470989761092,False
A1,github,模型评分器高×规则型低,0.12678690714762858,0.11390784982935154,False
A1,github,模型评分器高×轻量分类器低,0.057977065241594294,0.07593856655290103,False
A1,github,规则型高×DSIR低,0.036890447561790246,0.07636518771331058,False
A1,github,规则型高×模型评分器低,0.2606936094411044,0.08916382252559726,False
A1,github,规则型高×轻量分类器低,0.04877532843464707,0.10238907849829351,False
A1,github,轻量分类器高×DSIR低,0.01609886439545758,0.07849829351535836,False
A1,github,轻量分类器高×模型评分器低,0.04679358717434869,0.027303754266211604,False
A1,github,轻量分类器高×规则型低,0.04539078156312625,0.11390784982935154,False
A1,stackexchange,DSIR高×模型评分器低,0.15216666666666667,0.11936193619361936,False
A1,stackexchange,DSIR高×规则型低,0.0243,0.045104510451045104,False
A1,stackexchange,DSIR高×轻量分类器低,0.014899999999999998,0.06490649064906491,False
A1,stackexchange,模型评分器内部,0.06943333333333333,0.0,True
A1,stackexchange,模型评分器高×DSIR低,0.17003333333333331,0.1573157315731573,False
A1,stackexchange,模型评分器高×规则型低,0.1580333333333333,0.12871287128712872,False
A1,stackexchange,模型评分器高×轻量分类器低,0.025333333333333333,0.030253025302530254,False
A1,stackexchange,规则型高×DSIR低,0.02221666666666667,0.03355335533553355,False
A1,stackexchange,规则型高×模型评分器低,0.13308333333333333,0.08855885588558855,False
A1,stackexchange,规则型高×轻量分类器低,0.030899999999999997,0.11826182618261827,False
A1,stackexchange,轻量分类器高×DSIR低,0.02598333333333333,0.04235423542354235,False
A1,stackexchange,轻量分类器高×模型评分器低,0.10205,0.032453245324532455,False
A1,stackexchange,轻量分类器高×规则型低,0.07156666666666667,0.13916391639163916,False
A1,wikipedia,DSIR高×模型评分器低,0.066,0.0960419091967404,False
A1,wikipedia,DSIR高×规则型低,0.023583333333333328,0.09545983701979045,False
A1,wikipedia,DSIR高×轻量分类器低,0.00275,0.013969732246798603,False
A1,wikipedia,模型评分器内部,0.024166666666666666,0.0,True
A1,wikipedia,模型评分器高×DSIR低,0.11433333333333333,0.09487776484284051,False
A1,wikipedia,模型评分器高×规则型低,0.1515,0.1140861466821886,False
A1,wikipedia,模型评分器高×轻量分类器低,0.10966666666666665,0.05238649592549476,False
A1,wikipedia,规则型高×DSIR低,0.03896666666666666,0.06519208381839348,False
A1,wikipedia,规则型高×模型评分器低,0.19481666666666664,0.07683352735739232,False
A1,wikipedia,规则型高×轻量分类器低,0.12471666666666667,0.19615832363213037,False
A1,wikipedia,轻量分类器高×DSIR低,0.02813333333333333,0.0389988358556461,False
A1,wikipedia,轻量分类器高×模型评分器低,0.05931666666666667,0.023282887077997673,False
A1,wikipedia,轻量分类器高×规则型低,0.062049999999999994,0.13271245634458673,False
A2,ALL,DSIR高×模型评分器低,0.11856319528213377,0.047253258845437615,False
A2,ALL,DSIR高×规则型低,0.019028950542822675,0.03514897579143389,False
A2,ALL,DSIR高×轻量分类器低,0.08621163382924539,0.1531657355679702,False
A2,ALL,模型评分器内部,0.19329848545771344,0.0,True
A2,ALL,模型评分器高×DSIR低,0.10270741187508378,0.041666666666666664,False
A2,ALL,模型评分器高×规则型低,0.07683956574185766,0.09660148975791434,False
A2,ALL,模型评分器高×轻量分类器低,0.04752043961935397,0.08333333333333333,False
A2,ALL,规则型高×DSIR低,0.019464548988071304,0.07099627560521415,False
A2,ALL,规则型高×模型评分器低,0.14185095831657954,0.07774674115456238,False
A2,ALL,规则型高×轻量分类器低,0.08389961131215655,0.12243947858472998,False
A2,ALL,轻量分类器高×DSIR低,0.030441629808336684,0.10824022346368715,False
A2,ALL,轻量分类器高×模型评分器低,0.047553947192065404,0.03794227188081937,False
A2,ALL,轻量分类器高×规则型低,0.03261962203457981,0.12546554934823093,False
A2,arxiv,DSIR高×模型评分器低,0.11856319528213377,0.047253258845437615,False
A2,arxiv,DSIR高×规则型低,0.019028950542822675,0.03514897579143389,False
A2,arxiv,DSIR高×轻量分类器低,0.08621163382924539,0.1531657355679702,False
A2,arxiv,模型评分器内部,0.19329848545771344,0.0,True
A2,arxiv,模型评分器高×DSIR低,0.10270741187508378,0.041666666666666664,False
A2,arxiv,模型评分器高×规则型低,0.07683956574185766,0.09660148975791434,False
A2,arxiv,模型评分器高×轻量分类器低,0.04752043961935397,0.08333333333333333,False
A2,arxiv,规则型高×DSIR低,0.019464548988071304,0.07099627560521415,False
A2,arxiv,规则型高×模型评分器低,0.14185095831657954,0.07774674115456238,False
A2,arxiv,规则型高×轻量分类器低,0.08389961131215655,0.12243947858472998,False
A2,arxiv,轻量分类器高×DSIR低,0.030441629808336684,0.10824022346368715,False
A2,arxiv,轻量分类器高×模型评分器低,0.047553947192065404,0.03794227188081937,False
A2,arxiv,轻量分类器高×规则型低,0.03261962203457981,0.12546554934823093,False
A3,ALL,DSIR高×模型评分器低,0.22821820049615862,0.0694517631684337,False
A3,ALL,DSIR高×规则型低,0.04804323355518398,0.1301561874249099,False
A3,ALL,DSIR高×轻量分类器低,0.03899052490082291,0.10895179478532133,False
A3,ALL,模型评分器内部,0.03679824705200922,0.0,True
A3,ALL,模型评分器高×DSIR低,0.015057703026130291,0.012962923929768354,False
A3,ALL,模型评分器高×规则型低,0.13499530070052346,0.11544379571275004,False
A3,ALL,模型评分器高×轻量分类器低,0.059107898101701584,0.07303501043357292,False
A3,ALL,规则型高×DSIR低,0.030956362086488973,0.0724026726809013,False
A3,ALL,规则型高×模型评分器低,0.2569210845546048,0.09282718209219484,False
A3,ALL,规则型高×轻量分类器低,0.04378872823841841,0.10052062474969964,False
A3,ALL,轻量分类器高×DSIR低,0.015092128126946654,0.08190881689606475,False
A3,ALL,轻量分类器高×模型评分器低,0.04819295542222659,0.032734017663301224,False
A3,ALL,轻量分类器高×规则型低,0.04383763373878453,0.10960521046308201,False
A3,github,DSIR高×模型评分器低,0.22821820049615862,0.0694517631684337,False
A3,github,DSIR高×规则型低,0.04804323355518398,0.1301561874249099,False
A3,github,DSIR高×轻量分类器低,0.03899052490082291,0.10895179478532133,False
A3,github,模型评分器内部,0.03679824705200922,0.0,True
A3,github,模型评分器高×DSIR低,0.015057703026130291,0.012962923929768354,False
A3,github,模型评分器高×规则型低,0.13499530070052346,0.11544379571275004,False
A3,github,模型评分器高×轻量分类器低,0.059107898101701584,0.07303501043357292,False
A3,github,规则型高×DSIR低,0.030956362086488973,0.0724026726809013,False
A3,github,规则型高×模型评分器低,0.2569210845546048,0.09282718209219484,False
A3,github,规则型高×轻量分类器低,0.04378872823841841,0.10052062474969964,False
A3,github,轻量分类器高×DSIR低,0.015092128126946654,0.08190881689606475,False
A3,github,轻量分类器高×模型评分器低,0.04819295542222659,0.032734017663301224,False
A3,github,轻量分类器高×规则型低,0.04383763373878453,0.10960521046308201,False
