dataset,wc_lo,wc_hi,n,share,conflict_rate,dsir_rank_med,rule_rank_med
A2,20,100.0,79,0.0045083604405638305,1.0,0.9954345717057581,0.08725674827369742
A2,100,500.0,81,0.004622496147919877,0.9259259259259259,0.9954345717057581,0.02231353078810706
A2,500,2000.0,1099,0.06271757119214746,0.6023657870791629,0.9442447069565714,0.15431147634537465
A2,2000,10000.0,13017,0.7428522513268276,0.16086655911500344,0.5535011128231467,0.6054899275238258
A2,10000,1000000000.0,3246,0.1852422530388632,0.24214417744916822,0.1254066084574559,0.25089881869542885
A2,-1,-1.0,17523,1.0,0.12121212121212122,,
A3,0,20.0,23061,0.11318171109976835,0.6759464030180825,0.9418017982645569,0.3055700066747811
A3,20,100.0,72099,0.3538566492598846,0.1365622269379603,0.7092642035415603,0.5531086811417802
A3,100,500.0,77802,0.3818465585613883,0.12750314901930543,0.3452064274215713,0.6342170874396325
A3,500,2000.0,25692,0.1260944677843653,0.35380663241475946,0.09470336487494602,0.23144803486591542
A3,2000,10000.0,4708,0.023106521653775178,0.4201359388275276,0.017005968039577525,0.08156484353527818
A3,10000,1000000000.0,390,0.0019140916408182497,0.3974358974358974,0.0049103812477914325,0.03358249244179198
A3,-1,-1.0,203752,1.0,0.11061486513015824,,
