dataset,domain,source,indicator,n,rank_median,rank_p10,rank_p90,low_tail_rate,high_tail_rate,median_LOO_deviation,indicator_LOO_candidate_rate,selected_source_outlier_rate
A1,ALL,FineWeb-Edu,fineweb_edu,51230,0.5,0.10004000000000006,0.8999599999999999,0.2,0.2,,,
A1,ALL,轻量分类器,fluency_en,51230,0.50005,0.10004000000000006,0.8998995917877998,0.2000195198126098,0.1999414405621706,,,
A1,ALL,轻量分类器,ad_en,51230,0.5,0.1,0.8999,0.2000195198126098,0.1999219207495608,,,
A1,ALL,QuRating,qurater_writing,51230,0.50005,0.0999,0.9,0.2000780792504392,0.2000585594378294,0.1559,0.0500097599063049,0.0185243021666992
A1,ALL,QuRating,qurater_expertise,51230,0.5,0.1001,0.90005,0.2000195198126098,0.1999609603747804,0.1337,0.0499902400936951,0.009467109115752489
A1,ALL,QuRating,qurater_facts,51230,0.5,0.1001,0.9000549999999999,0.2000390396252196,0.2000195198126098,0.13319999999999999,0.0499512004684755,0.008627757173531134
A1,ALL,QuRating,qurater_edu,51230,0.49995,0.1,0.9,0.2000195198126098,0.2,0.11355000000000004,0.049970720281085304,0.0016201444466133125
A1,ALL,ModernBERT,modernbert_professionalism,51230,0.5,0.10004000000000006,0.8999599999999999,0.2,0.2,0.16899170124481327,0.0499902400936951,0.009759906304899472
A1,ALL,ModernBERT,modernbert_readability,51230,0.5,0.10004000000000006,0.8999599999999999,0.2,0.2,0.18243443983402488,0.0499902400936951,0.011048213937146204
A1,ALL,ModernBERT,modernbert_reasoning,51230,0.5,0.10004000000000006,0.8999599999999999,0.2,0.2,0.1492,0.0499512004684755,0.0013273472574663284
A1,ALL,ModernBERT,modernbert_cleanliness,51230,0.5,0.10004000000000006,0.8999599999999999,0.2,0.2,0.1725,0.0499902400936951,0.005602186219012297
A1,ALL,DSIR,dsir_books,51230,0.5,0.10004000000000006,0.8999599999999999,0.2,0.2,0.02124999999999999,0.0499512004684755,0.004899472965059535
A1,ALL,DSIR,dsir_wiki,51230,0.5,0.10004000000000006,0.8999599999999999,0.2,0.2,0.021499999999999964,0.049970720281085304,0.004938512590279134
A1,ALL,DSIR,dsir_math,51230,0.5,0.10004000000000006,0.8999599999999999,0.2,0.2,0.02675000000000005,0.049970720281085304,0.0043529182119851646
A1,ALL,RPS,rps_doc_word_count,51230,0.5,0.0999,0.9002,0.199804801873902,0.2002342377513176,0.20750000000000002,0.0500097599063049,0.00040991606480577785
A1,ALL,RPS,rps_doc_num_sentences,51230,0.4979,0.0991,0.902,0.19988288112434122,0.2051141909037673,0.2090375,0.0500097599063049,0.00037087643958618
A1,ALL,RPS,rps_doc_mean_word_length,51230,0.50005,0.10004000000000006,0.9,0.2,0.2,0.24229999999999996,0.0500097599063049,0.0012883076322467305
A1,ALL,RPS,rps_doc_unigram_entropy,51230,0.5,0.0999,0.8999599999999999,0.2,0.2,0.2030675829875519,0.049970720281085304,0.0002147179387077884
A1,ALL,RPS,rps_doc_frac_no_alph_words,51230,0.5,0.1,0.8999599999999999,0.2,0.2000195198126098,0.22307500000000008,0.0499902400936951,0.0006636736287331642
A1,ALL,RPS,rps_doc_frac_unique_words,51230,0.4997453319502075,0.10004000000000006,0.8996,0.1997267226234628,0.1998438414991216,0.24644999999999995,0.0500097599063049,0.0018934218231504978
A1,ALL,RPS,rps_doc_frac_chars_top_2gram,51230,0.509425,0.10164578838174276,0.87575,0.20388444270935,0.21270739800897911,0.24092499999999997,0.0500097599063049,0.00048799531524497365
A1,ALL,RPS,rps_doc_frac_chars_top_3gram,51230,0.5142634854771784,0.10140041493775934,0.86295,0.2001561585008784,0.20644153816123365,0.2472630186721991,0.0500097599063049,0.00011711887565879367
A1,ALL,RPS,rps_lines_uppercase_letter_fraction,51230,0.5,0.10004000000000006,0.8999599999999999,0.2,0.2,0.26106182572614106,0.0500097599063049,0.003552605894983408
A1,ALL,RPS,rps_lines_ending_with_terminal_punctution_mark,51230,0.5,0.1245,0.8765654149377592,0.1610384540308413,0.16332227210618777,0.20290228215767636,0.0500097599063049,0.00037087643958618
A1,ALL,RPS,rps_lines_numerical_chars_fraction,51230,0.5,0.10004000000000006,0.88015,0.2,0.21864142104235798,0.2267058091286307,0.049970720281085304,0.0005465547530743705
A1,arxiv,FineWeb-Edu,fineweb_edu,1419,0.5,0.10028188865398169,0.8997181113460183,0.20014094432699084,0.20014094432699084,,,
A1,arxiv,轻量分类器,fluency_en,1419,0.5010570824524313,0.10028188865398169,0.8999295278365046,0.20014094432699084,0.20014094432699084,,,
A1,arxiv,轻量分类器,ad_en,1419,0.5,0.10021141649048627,0.8997181113460183,0.20014094432699084,0.20014094432699084,,,
A1,arxiv,QuRating,qurater_writing,1419,0.4996476391825229,0.10028188865398169,0.8994362226920367,0.20014094432699084,0.20014094432699084,0.12649753347427772,0.05003523608174771,0.0
A1,arxiv,QuRating,qurater_expertise,1419,0.4996476391825229,0.10042283298097252,0.8999295278365046,0.20014094432699084,0.19873150105708245,0.2272727272727273,0.05003523608174771,0.028893587033121917
A1,arxiv,QuRating,qurater_facts,1419,0.4996476391825229,0.10028188865398169,0.899154334038055,0.20014094432699084,0.19943622269203665,0.1811134601832276,0.05003523608174771,0.009866102889358703
A1,arxiv,QuRating,qurater_edu,1419,0.5003523608174771,0.10028188865398169,0.8997181113460183,0.20084566596194503,0.20014094432699084,0.17089499647639184,0.05003523608174771,0.0028188865398167725
A1,arxiv,ModernBERT,modernbert_professionalism,1419,0.5,0.10028188865398169,0.8997181113460183,0.20014094432699084,0.20014094432699084,0.2001409443269908,0.05003523608174771,0.0014094432699083862
A1,arxiv,ModernBERT,modernbert_readability,1419,0.5,0.10028188865398169,0.8997181113460183,0.20014094432699084,0.20014094432699084,0.34460887949260044,0.04933051444679352,0.011980267794221282
A1,arxiv,ModernBERT,modernbert_reasoning,1419,0.5,0.10028188865398169,0.8997181113460183,0.20014094432699084,0.20014094432699084,0.17195207892882314,0.05003523608174771,0.0035236081747709656
A1,arxiv,ModernBERT,modernbert_cleanliness,1419,0.5,0.10028188865398169,0.8997181113460183,0.20014094432699084,0.20014094432699084,0.17829457364341084,0.05003523608174771,0.0021141649048625794
A1,arxiv,DSIR,dsir_books,1419,0.5,0.10028188865398169,0.8997181113460183,0.20014094432699084,0.20014094432699084,0.013742071881606754,0.05003523608174771,0.0
A1,arxiv,DSIR,dsir_wiki,1419,0.5,0.10028188865398169,0.8997181113460183,0.20014094432699084,0.20014094432699084,0.015856236786469358,0.05003523608174771,0.0
A1,arxiv,DSIR,dsir_math,1419,0.5,0.10028188865398169,0.8997181113460183,0.20014094432699084,0.20014094432699084,0.02995066948555325,0.05003523608174771,0.0014094432699083862
A1,arxiv,RPS,rps_doc_word_count,1419,0.5,0.10028188865398169,0.8997181113460183,0.20014094432699084,0.19943622269203665,0.20155038759689925,0.05003523608174771,0.0
A1,arxiv,RPS,rps_doc_num_sentences,1419,0.5,0.09971811134601832,0.9002818886539817,0.20014094432699084,0.20014094432699084,0.19238900634249467,0.05003523608174771,0.0
A1,arxiv,RPS,rps_doc_mean_word_length,1419,0.5,0.10028188865398169,0.8997181113460183,0.20014094432699084,0.20014094432699084,0.22797744890768146,0.05003523608174771,0.0
A1,arxiv,RPS,rps_doc_unigram_entropy,1419,0.5,0.10028188865398169,0.8997181113460183,0.20014094432699084,0.20014094432699084,0.21881606765327694,0.05003523608174771,0.0007047216349541931
A1,arxiv,RPS,rps_doc_frac_no_alph_words,1419,0.5,0.10028188865398169,0.8997181113460183,0.20014094432699084,0.20014094432699084,0.22339675828047922,0.04933051444679352,0.0
A1,arxiv,RPS,rps_doc_frac_unique_words,1419,0.5,0.10028188865398169,0.8997181113460183,0.20014094432699084,0.20014094432699084,0.262861169837914,0.05003523608174771,0.0028188865398167725
A1,arxiv,RPS,rps_doc_frac_chars_top_2gram,1419,0.5,0.10028188865398169,0.8997181113460183,0.20014094432699084,0.20014094432699084,0.24101479915433405,0.05003523608174771,0.0028188865398167725
A1,arxiv,RPS,rps_doc_frac_chars_top_3gram,1419,0.5,0.10028188865398169,0.8997181113460183,0.20014094432699084,0.20014094432699084,0.23502466525722343,0.05003523608174771,0.0
A1,arxiv,RPS,rps_lines_uppercase_letter_fraction,1419,0.5,0.10028188865398169,0.8997181113460183,0.20014094432699084,0.20014094432699084,0.29281183932346727,0.05003523608174771,0.004228329809725159
A1,arxiv,RPS,rps_lines_ending_with_terminal_punctution_mark,1419,0.5,0.10028188865398169,0.8997181113460183,0.20014094432699084,0.20014094432699084,0.2507047216349543,0.05003523608174771,0.0021141649048625794
A1,arxiv,RPS,rps_lines_numerical_chars_fraction,1419,0.5,0.10028188865398169,0.8997181113460183,0.20014094432699084,0.20014094432699084,0.2551092318534179,0.05003523608174771,0.0
A1,book,FineWeb-Edu,fineweb_edu,171,0.5,0.1023391812865497,0.8976608187134503,0.19883040935672514,0.19883040935672514,,,
A1,book,轻量分类器,fluency_en,171,0.5,0.1023391812865497,0.8976608187134503,0.19883040935672514,0.19883040935672514,,,
A1,book,轻量分类器,ad_en,171,0.5,0.1023391812865497,0.8976608187134503,0.19883040935672514,0.19883040935672514,,,
A1,book,QuRating,qurater_writing,171,0.5,0.1023391812865497,0.8976608187134503,0.19883040935672514,0.19883040935672514,0.18128654970760238,0.05263157894736842,0.029239766081871343
A1,book,QuRating,qurater_expertise,171,0.5,0.1023391812865497,0.8976608187134503,0.19883040935672514,0.19883040935672514,0.11695906432748537,0.04678362573099415,0.0
A1,book,QuRating,qurater_facts,171,0.5,0.1023391812865497,0.8976608187134503,0.19883040935672514,0.19883040935672514,0.13450292397660818,0.04093567251461988,0.005847953216374269
A1,book,QuRating,qurater_edu,171,0.5,0.1023391812865497,0.8976608187134503,0.19883040935672514,0.19883040935672514,0.15204678362573099,0.04678362573099415,0.0
A1,book,ModernBERT,modernbert_professionalism,171,0.5,0.1023391812865497,0.8976608187134503,0.19883040935672514,0.19883040935672514,0.12865497076023394,0.05263157894736842,0.011695906432748537
A1,book,ModernBERT,modernbert_readability,171,0.5,0.1023391812865497,0.8976608187134503,0.19883040935672514,0.19883040935672514,0.1286549707602339,0.05263157894736842,0.0
A1,book,ModernBERT,modernbert_reasoning,171,0.5,0.1023391812865497,0.8976608187134503,0.19883040935672514,0.19883040935672514,0.1228070175438597,0.05263157894736842,0.011695906432748537
A1,book,ModernBERT,modernbert_cleanliness,171,0.5,0.1023391812865497,0.8976608187134503,0.19883040935672514,0.19883040935672514,0.16959064327485385,0.05263157894736842,0.023391812865497075
A1,book,DSIR,dsir_books,171,0.5,0.1023391812865497,0.8976608187134503,0.19883040935672514,0.19883040935672514,0.13157894736842107,0.05263157894736842,0.011695906432748537
A1,book,DSIR,dsir_wiki,171,0.5,0.1023391812865497,0.8976608187134503,0.19883040935672514,0.19883040935672514,0.04970760233918131,0.05263157894736842,0.005847953216374269
A1,book,DSIR,dsir_math,171,0.5,0.1023391812865497,0.8976608187134503,0.19883040935672514,0.19883040935672514,0.0994152046783626,0.05263157894736842,0.0
A1,book,RPS,rps_doc_word_count,171,0.5,0.1023391812865497,0.8976608187134503,0.19883040935672514,0.19883040935672514,0.1900584795321637,0.05263157894736842,0.0
A1,book,RPS,rps_doc_num_sentences,171,0.5,0.1023391812865497,0.8976608187134503,0.19883040935672514,0.19883040935672514,0.18713450292397665,0.05263157894736842,0.0
A1,book,RPS,rps_doc_mean_word_length,171,0.5,0.1023391812865497,0.8976608187134503,0.19883040935672514,0.19883040935672514,0.2426900584795322,0.05263157894736842,0.0
A1,book,RPS,rps_doc_unigram_entropy,171,0.5,0.1023391812865497,0.8976608187134503,0.19883040935672514,0.19883040935672514,0.19005847953216373,0.04678362573099415,0.0
A1,book,RPS,rps_doc_frac_no_alph_words,171,0.5,0.1023391812865497,0.8976608187134503,0.19883040935672514,0.19883040935672514,0.24561403508771928,0.05263157894736842,0.0
A1,book,RPS,rps_doc_frac_unique_words,171,0.5,0.1023391812865497,0.8976608187134503,0.19883040935672514,0.19883040935672514,0.2836257309941521,0.05263157894736842,0.0
A1,book,RPS,rps_doc_frac_chars_top_2gram,171,0.5,0.1023391812865497,0.8976608187134503,0.19883040935672514,0.19883040935672514,0.23099415204678364,0.05263157894736842,0.0
A1,book,RPS,rps_doc_frac_chars_top_3gram,171,0.5,0.1023391812865497,0.8976608187134503,0.19883040935672514,0.19883040935672514,0.1929824561403509,0.05263157894736842,0.0
A1,book,RPS,rps_lines_uppercase_letter_fraction,171,0.5,0.1023391812865497,0.8976608187134503,0.19883040935672514,0.19883040935672514,0.24561403508771928,0.05263157894736842,0.0
A1,book,RPS,rps_lines_ending_with_terminal_punctution_mark,171,0.5,0.1023391812865497,0.8976608187134503,0.19883040935672514,0.19883040935672514,0.23976608187134507,0.05263157894736842,0.0
A1,book,RPS,rps_lines_numerical_chars_fraction,171,0.5,0.1023391812865497,0.8976608187134503,0.19883040935672514,0.19883040935672514,0.2076023391812866,0.04678362573099415,0.005847953216374269
A1,c4,FineWeb-Edu,fineweb_edu,10000,0.5,0.10004,0.8999600000000001,0.2,0.2,,,
A1,c4,轻量分类器,fluency_en,10000,0.50005,0.10004,0.8997,0.2001,0.1998,,,
A1,c4,轻量分类器,ad_en,10000,0.50005,0.10004,0.8999250000000001,0.2,0.2,,,
A1,c4,QuRating,qurater_writing,10000,0.5,0.10004,0.8999750000000001,0.2001,0.1999,0.19077500000000003,0.05,0.0323
A1,c4,QuRating,qurater_expertise,10000,0.5,0.10007500000000001,0.8999150000000001,0.2,0.2,0.129425,0.05,0.0031
A1,c4,QuRating,qurater_facts,10000,0.5,0.10004,0.9001,0.2,0.2,0.1326,0.05,0.0053
A1,c4,QuRating,qurater_edu,10000,0.49995,0.10003500000000001,0.8999650000000001,0.2,0.2001,0.12987500000000005,0.05,0.0016
A1,c4,ModernBERT,modernbert_professionalism,10000,0.5,0.10004,0.8999600000000001,0.2,0.2,0.17779999999999996,0.05,0.0121
A1,c4,ModernBERT,modernbert_readability,10000,0.5,0.10004,0.8999600000000001,0.2,0.2,0.19770000000000004,0.05,0.008
A1,c4,ModernBERT,modernbert_reasoning,10000,0.5,0.10004,0.8999600000000001,0.2,0.2,0.16215000000000002,0.05,0.0023
A1,c4,ModernBERT,modernbert_cleanliness,10000,0.5,0.10004,0.8999600000000001,0.2,0.2,0.18455,0.05,0.0031
A1,c4,DSIR,dsir_books,10000,0.5,0.10004,0.8999600000000001,0.2,0.2,0.05609999999999993,0.05,0.0052
A1,c4,DSIR,dsir_wiki,10000,0.5,0.10004,0.8999600000000001,0.2,0.2,0.07645000000000002,0.05,0.0121
A1,c4,DSIR,dsir_math,10000,0.5,0.10004,0.8999600000000001,0.2,0.2,0.05400000000000002,0.05,0.0054
A1,c4,RPS,rps_doc_word_count,10000,0.5,0.10004,0.89965,0.2002,0.2008,0.21153750000000004,0.05,0.0003
A1,c4,RPS,rps_doc_num_sentences,10000,0.50265,0.10015,0.902,0.2001,0.2043,0.22275,0.05,0.0004
A1,c4,RPS,rps_doc_mean_word_length,10000,0.5,0.10004,0.8999600000000001,0.2,0.2001,0.243875,0.05,0.002
A1,c4,RPS,rps_doc_unigram_entropy,10000,0.5,0.10004,0.8999600000000001,0.2,0.2,0.20303749999999998,0.0499,0.0001
A1,c4,RPS,rps_doc_frac_no_alph_words,10000,0.5,0.10004,0.8999600000000001,0.2,0.2001,0.215575,0.05,0.0008
A1,c4,RPS,rps_doc_frac_unique_words,10000,0.5,0.10004,0.8996,0.2,0.2001,0.2486,0.05,0.0001
A1,c4,RPS,rps_doc_frac_chars_top_2gram,10000,0.5,0.10004,0.8999600000000001,0.2001,0.2001,0.24453750000000002,0.05,0.0005
A1,c4,RPS,rps_doc_frac_chars_top_3gram,10000,0.5,0.10004,0.86295,0.2,0.2741,0.26946250000000005,0.05,0.0
A1,c4,RPS,rps_lines_uppercase_letter_fraction,10000,0.5,0.10004,0.8999600000000001,0.2,0.2,0.23147500000000004,0.05,0.0004
A1,c4,RPS,rps_lines_ending_with_terminal_punctution_mark,10000,0.5,0.5,0.5,0.0,0.0,0.12278750000000005,0.05,0.0
A1,c4,RPS,rps_lines_numerical_chars_fraction,10000,0.5,0.10004,0.88015,0.2,0.2397,0.2205875,0.05,0.0
A1,commoncrawl,FineWeb-Edu,fineweb_edu,9640,0.5,0.10004149377593362,0.8999585062240665,0.2,0.2,,,
A1,commoncrawl,轻量分类器,fluency_en,9640,0.4999740663900415,0.10004149377593362,0.899896265560166,0.2,0.19979253112033196,,,
A1,commoncrawl,轻量分类器,ad_en,9640,0.4999221991701245,0.10004149377593362,0.8998184647302906,0.20010373443983404,0.2,,,
A1,commoncrawl,QuRating,qurater_writing,9640,0.5,0.1,0.8999585062240665,0.19979253112033196,0.20010373443983404,0.17658195020746886,0.05,0.021058091286307055
A1,commoncrawl,QuRating,qurater_expertise,9640,0.5,0.10010373443983403,0.900051867219917,0.20010373443983404,0.20010373443983404,0.13615145228215764,0.05,0.0053941908713692945
A1,commoncrawl,QuRating,qurater_facts,9640,0.5,0.10012966804979256,0.8999740663900416,0.2,0.20020746887966806,0.1446836099585062,0.05,0.01016597510373444
A1,commoncrawl,QuRating,qurater_edu,9640,0.499948132780083,0.1,0.9,0.199896265560166,0.2,0.1233661825726141,0.05,0.0024896265560165973
A1,commoncrawl,ModernBERT,modernbert_professionalism,9640,0.5,0.10004149377593362,0.8999585062240665,0.2,0.2,0.1729253112033195,0.05,0.005912863070539419
A1,commoncrawl,ModernBERT,modernbert_readability,9640,0.5,0.10004149377593362,0.8999585062240665,0.2,0.2,0.19735477178423233,0.05,0.0056016597510373444
A1,commoncrawl,ModernBERT,modernbert_reasoning,9640,0.5,0.10004149377593362,0.8999585062240665,0.2,0.2,0.15264522821576768,0.04989626556016598,0.002385892116182573
A1,commoncrawl,ModernBERT,modernbert_cleanliness,9640,0.5,0.10004149377593362,0.8999585062240665,0.2,0.2,0.19683609958506224,0.05,0.014419087136929461
A1,commoncrawl,DSIR,dsir_books,9640,0.5,0.10004149377593362,0.8999585062240665,0.2,0.2,0.05471991701244813,0.05,0.009232365145228216
A1,commoncrawl,DSIR,dsir_wiki,9640,0.5,0.10004149377593362,0.8999585062240665,0.2,0.2,0.05471991701244816,0.05,0.008609958506224067
A1,commoncrawl,DSIR,dsir_math,9640,0.5,0.10004149377593362,0.8999585062240665,0.2,0.2,0.05370850622406641,0.04989626556016598,0.0056016597510373444
A1,commoncrawl,RPS,rps_doc_word_count,9640,0.4996887966804979,0.10004149377593362,0.899688796680498,0.19968879668049794,0.2,0.17925311203319505,0.05,0.001037344398340249
A1,commoncrawl,RPS,rps_doc_num_sentences,9640,0.5078319502074689,0.10010373443983403,0.9006224066390042,0.20031120331950208,0.19522821576763486,0.1891338174273859,0.05,0.001141078838174274
A1,commoncrawl,RPS,rps_doc_mean_word_length,9640,0.5,0.10004149377593362,0.8999585062240665,0.2,0.2,0.23383039419087137,0.05,0.0018672199170124482
A1,commoncrawl,RPS,rps_doc_unigram_entropy,9640,0.5,0.10004149377593362,0.8999585062240665,0.2,0.2,0.18709802904564315,0.05,0.00031120331950207467
A1,commoncrawl,RPS,rps_doc_frac_no_alph_words,9640,0.5,0.10004149377593362,0.8999585062240665,0.2,0.2,0.20670383817427382,0.05,0.001037344398340249
A1,commoncrawl,RPS,rps_doc_frac_unique_words,9640,0.5,0.10004149377593362,0.8999585062240665,0.2,0.20020746887966806,0.2606457468879668,0.05,0.00850622406639004
A1,commoncrawl,RPS,rps_doc_frac_chars_top_2gram,9640,0.5,0.10004149377593362,0.8999585062240665,0.2,0.2,0.21369294605809125,0.05,0.0004149377593360996
A1,commoncrawl,RPS,rps_doc_frac_chars_top_3gram,9640,0.5,0.10004149377593362,0.8999585062240665,0.2,0.2,0.20697614107883816,0.05,0.0006224066390041493
A1,commoncrawl,RPS,rps_lines_uppercase_letter_fraction,9640,0.5,0.10004149377593362,0.8999585062240665,0.2,0.2,0.21422458506224065,0.05,0.0008298755186721991
A1,commoncrawl,RPS,rps_lines_ending_with_terminal_punctution_mark,9640,0.4996887966804979,0.10321576763485511,0.900051867219917,0.20020746887966806,0.19865145228215766,0.21072354771784235,0.05,0.0004149377593360996
A1,commoncrawl,RPS,rps_lines_numerical_chars_fraction,9640,0.5,0.10004149377593362,0.8999585062240665,0.2,0.2,0.20321576763485477,0.04989626556016598,0.0001037344398340249
A1,github,FineWeb-Edu,fineweb_edu,10000,0.5,0.10004,0.8999600000000001,0.2,0.2,,,
A1,github,轻量分类器,fluency_en,10000,0.5,0.10004,0.8998700000000001,0.2,0.2,,,
A1,github,轻量分类器,ad_en,10000,0.5001,0.10003000000000002,0.8999,0.2,0.1998,,,
A1,github,QuRating,qurater_writing,10000,0.50005,0.0999,0.9,0.2002,0.2002,0.167325,0.05,0.0196
A1,github,QuRating,qurater_expertise,10000,0.5,0.10008500000000001,0.90015,0.2,0.1999,0.15039999999999998,0.05,0.0178
A1,github,QuRating,qurater_facts,10000,0.5000249999999999,0.10008500000000001,0.8999650000000001,0.1999,0.2,0.117425,0.05,0.001
A1,github,QuRating,qurater_edu,10000,0.5000249999999999,0.10006000000000004,0.8999150000000001,0.2001,0.2,0.10824999999999996,0.05,0.0004
A1,github,ModernBERT,modernbert_professionalism,10000,0.5,0.10004,0.8999600000000001,0.2,0.2,0.22550000000000003,0.05,0.0155
A1,github,ModernBERT,modernbert_readability,10000,0.5,0.10004,0.8999600000000001,0.2,0.2,0.18695000000000003,0.05,0.003
A1,github,ModernBERT,modernbert_reasoning,10000,0.5,0.10004,0.8999600000000001,0.2,0.2,0.197,0.0498,0.0001
A1,github,ModernBERT,modernbert_cleanliness,10000,0.5,0.10004,0.8999600000000001,0.2,0.2,0.21045000000000003,0.05,0.0026
A1,github,DSIR,dsir_books,10000,0.5,0.10004,0.8999600000000001,0.2,0.2,0.007650000000000046,0.0499,0.0004
A1,github,DSIR,dsir_wiki,10000,0.5,0.10004,0.8999600000000001,0.2,0.2,0.008600000000000052,0.0499,0.0003
A1,github,DSIR,dsir_math,10000,0.5,0.10004,0.8999600000000001,0.2,0.2,0.013850000000000015,0.0499,0.0037
A1,github,RPS,rps_doc_word_count,10000,0.50235,0.10004,0.89965,0.2001,0.1991,0.23337500000000003,0.05,0.0003
A1,github,RPS,rps_doc_num_sentences,10000,0.5023,0.07195,0.8996,0.1998,0.1968,0.22755,0.05,0.0
A1,github,RPS,rps_doc_mean_word_length,10000,0.50005,0.10004,0.8999600000000001,0.2,0.1999,0.25723749999999995,0.05,0.0012
A1,github,RPS,rps_doc_unigram_entropy,10000,0.5,0.0999,0.8999600000000001,0.2,0.2,0.2254,0.05,0.0001
A1,github,RPS,rps_doc_frac_no_alph_words,10000,0.5000249999999999,0.1,0.8999600000000001,0.2,0.2,0.23947499999999997,0.05,0.0003
A1,github,RPS,rps_doc_frac_unique_words,10000,0.5001,0.10004,0.89945,0.2,0.1983,0.20801249999999996,0.05,0.0
A1,github,RPS,rps_doc_frac_chars_top_2gram,10000,0.52685,0.1042,0.8675,0.2197,0.265,0.2598,0.05,0.0002
A1,github,RPS,rps_doc_frac_chars_top_3gram,10000,0.53465,0.10635,0.79715,0.1814,0.0,0.24511250000000007,0.05,0.0
A1,github,RPS,rps_lines_uppercase_letter_fraction,10000,0.5,0.10004,0.8999600000000001,0.2,0.2,0.3046,0.05,0.004
A1,github,RPS,rps_lines_ending_with_terminal_punctution_mark,10000,0.49965,0.09995,0.8998,0.2,0.1976,0.23934999999999995,0.05,0.0007
A1,github,RPS,rps_lines_numerical_chars_fraction,10000,0.5,0.10004,0.8721,0.2,0.2558,0.23945,0.05,0.0003
A1,stackexchange,FineWeb-Edu,fineweb_edu,10000,0.5,0.10004,0.8999600000000001,0.2,0.2,,,
A1,stackexchange,轻量分类器,fluency_en,10000,0.50005,0.10004,0.8998700000000001,0.2,0.2001,,,
A1,stackexchange,轻量分类器,ad_en,10000,0.4998,0.10008500000000001,0.90005,0.2,0.1997,,,
A1,stackexchange,QuRating,qurater_writing,10000,0.50005,0.10033500000000006,0.9,0.2001,0.2001,0.11414999999999997,0.05,0.0137
A1,stackexchange,QuRating,qurater_expertise,10000,0.5,0.10008500000000001,0.90005,0.2,0.2,0.12340000000000002,0.05,0.0138
A1,stackexchange,QuRating,qurater_facts,10000,0.5,0.1001,0.8999600000000001,0.2003,0.2,0.11205000000000001,0.05,0.003
A1,stackexchange,QuRating,qurater_edu,10000,0.49995,0.10003500000000001,0.9,0.2,0.1999,0.10412499999999997,0.0499,0.0034
A1,stackexchange,ModernBERT,modernbert_professionalism,10000,0.5,0.10004,0.8999600000000001,0.2,0.2,0.1457,0.0499,0.0148
A1,stackexchange,ModernBERT,modernbert_readability,10000,0.5,0.10004,0.8999600000000001,0.2,0.2,0.12580000000000002,0.05,0.0057
A1,stackexchange,ModernBERT,modernbert_reasoning,10000,0.5,0.10004,0.8999600000000001,0.2,0.2,0.13175,0.05,0.0014
A1,stackexchange,ModernBERT,modernbert_cleanliness,10000,0.5,0.10004,0.8999600000000001,0.2,0.2,0.1496,0.0499,0.007
A1,stackexchange,DSIR,dsir_books,10000,0.5,0.10004,0.8999600000000001,0.2,0.2,0.012200000000000058,0.0498,0.0003
A1,stackexchange,DSIR,dsir_wiki,10000,0.5,0.10004,0.8999600000000001,0.2,0.2,0.012350000000000014,0.0499,0.0005
A1,stackexchange,DSIR,dsir_math,10000,0.5,0.10004,0.8999600000000001,0.2,0.2,0.018299999999999983,0.05,0.0044
A1,stackexchange,RPS,rps_doc_word_count,10000,0.4993,0.0999,0.9009,0.1989,0.2012,0.20533750000000006,0.05,0.0004
A1,stackexchange,RPS,rps_doc_num_sentences,10000,0.49635,0.0991,0.89435,0.2004,0.2097,0.20668750000000008,0.05,0.0003
A1,stackexchange,RPS,rps_doc_mean_word_length,10000,0.5000249999999999,0.10004,0.9,0.2,0.2,0.23812500000000003,0.05,0.0007
A1,stackexchange,RPS,rps_doc_unigram_entropy,10000,0.5,0.10004,0.8999600000000001,0.2,0.2,0.201625,0.05,0.0005
A1,stackexchange,RPS,rps_doc_frac_no_alph_words,10000,0.500075,0.10004,0.8999600000000001,0.2,0.2,0.2140375,0.05,0.0001
A1,stackexchange,RPS,rps_doc_frac_unique_words,10000,0.5001,0.10004,0.9,0.2,0.2003,0.2514875,0.05,0.0009
A1,stackexchange,RPS,rps_doc_frac_chars_top_2gram,10000,0.5,0.10004,0.8999650000000001,0.2001,0.2,0.23758750000000003,0.05,0.001
A1,stackexchange,RPS,rps_doc_frac_chars_top_3gram,10000,0.5,0.10004,0.9499,0.2,0.2,0.24021250000000002,0.05,0.0
A1,stackexchange,RPS,rps_lines_uppercase_letter_fraction,10000,0.5,0.10004,0.8999600000000001,0.2,0.2,0.2863625,0.05,0.0071
A1,stackexchange,RPS,rps_lines_ending_with_terminal_punctution_mark,10000,0.49905,0.09955,0.9006,0.2001,0.1996,0.22724999999999998,0.05,0.0003
A1,stackexchange,RPS,rps_lines_numerical_chars_fraction,10000,0.5,0.10004,0.931,0.2,0.2,0.22987500000000005,0.05,0.0003
A1,wikipedia,FineWeb-Edu,fineweb_edu,10000,0.5,0.10004,0.8999600000000001,0.2,0.2,,,
A1,wikipedia,轻量分类器,fluency_en,10000,0.50005,0.10008500000000001,0.90005,0.2,0.2,,,
A1,wikipedia,轻量分类器,ad_en,10000,0.5,0.1,0.8998,0.2,0.2001,,,
A1,wikipedia,QuRating,qurater_writing,10000,0.499975,0.0998,0.8998750000000001,0.2002,0.2,0.15007500000000001,0.05,0.0085
A1,wikipedia,QuRating,qurater_expertise,10000,0.5,0.0998,0.8999250000000001,0.2,0.2,0.12445,0.05,0.0045
A1,wikipedia,QuRating,qurater_facts,10000,0.499975,0.1001,0.8999650000000001,0.2,0.2,0.16162500000000002,0.0499,0.0236
A1,wikipedia,QuRating,qurater_edu,10000,0.50005,0.10017500000000001,0.8999650000000001,0.2,0.2,0.10035000000000002,0.05,0.0001
A1,wikipedia,ModernBERT,modernbert_professionalism,10000,0.5,0.10004,0.8999600000000001,0.2,0.2,0.13639999999999997,0.05,0.0015
A1,wikipedia,ModernBERT,modernbert_readability,10000,0.5,0.10004,0.8999600000000001,0.2,0.2,0.20509999999999995,0.05,0.0328
A1,wikipedia,ModernBERT,modernbert_reasoning,10000,0.5,0.10004,0.8999600000000001,0.2,0.2,0.11475000000000002,0.05,0.0
A1,wikipedia,ModernBERT,modernbert_cleanliness,10000,0.5,0.10004,0.8999600000000001,0.2,0.2,0.13770000000000004,0.05,0.0014
A1,wikipedia,DSIR,dsir_books,10000,0.5,0.10004,0.8999600000000001,0.2,0.2,0.03255000000000008,0.05,0.0101
A1,wikipedia,DSIR,dsir_wiki,10000,0.5,0.10004,0.8999600000000001,0.2,0.2,0.02430000000000007,0.05,0.004
A1,wikipedia,DSIR,dsir_math,10000,0.5,0.10004,0.8999600000000001,0.2,0.2,0.02664999999999995,0.05,0.0032
A1,wikipedia,RPS,rps_doc_word_count,10000,0.50005,0.10215,0.9002,0.2001,0.2002,0.20837499999999998,0.05,0.0001
A1,wikipedia,RPS,rps_doc_num_sentences,10000,0.5008,0.1,0.90225,0.1988,0.22,0.203225,0.05,0.0001
A1,wikipedia,RPS,rps_doc_mean_word_length,10000,0.50005,0.10004,0.8999600000000001,0.2,0.2,0.23972500000000002,0.05,0.0009
A1,wikipedia,RPS,rps_doc_unigram_entropy,10000,0.5,0.10002500000000002,0.8999600000000001,0.2,0.2,0.197075,0.05,0.0
A1,wikipedia,RPS,rps_doc_frac_no_alph_words,10000,0.50005,0.10004,0.8999600000000001,0.2,0.2,0.23893750000000002,0.05,0.0012
A1,wikipedia,RPS,rps_doc_frac_unique_words,10000,0.49965,0.10004,0.8993,0.1986,0.2003,0.268825,0.05,0.0001
A1,wikipedia,RPS,rps_doc_frac_chars_top_2gram,10000,0.5,0.10004,0.8999600000000001,0.2,0.2,0.24687499999999998,0.05,0.0
A1,wikipedia,RPS,rps_doc_frac_chars_top_3gram,10000,0.5607,0.1102,0.82055,0.2194,0.3589,0.278175,0.05,0.0
A1,wikipedia,RPS,rps_lines_uppercase_letter_fraction,10000,0.5,0.10004,0.8999600000000001,0.2,0.2,0.2818125,0.05,0.0053
A1,wikipedia,RPS,rps_lines_ending_with_terminal_punctution_mark,10000,0.50095,0.09999500000000006,0.8994200000000002,0.2001,0.2162,0.24957499999999994,0.05,0.0002
A1,wikipedia,RPS,rps_lines_numerical_chars_fraction,10000,0.5,0.10004,0.8999600000000001,0.2,0.2,0.235975,0.05,0.002
A2,ALL,FineWeb-Edu,fineweb_edu,17523,0.4820295983086681,0.09873150105708248,0.8801973220577872,0.20578668036295156,0.18507104947782915,,,
A2,ALL,轻量分类器,fluency_en,17523,0.4985905567300916,0.09513742071881606,0.8946441155743481,0.2199395080751013,0.19328882040746448,,,
A2,ALL,轻量分类器,ad_en,17523,0.48625792811839325,0.09513742071881606,0.9031007751937985,0.21371911202419677,0.1916338526508018,,,
A2,ALL,QuRating,qurater_writing,17523,0.4996476391825229,0.10429880197322058,0.890415785764623,0.20253381270330423,0.20413171260628887,0.13072586328400282,0.05056211835872853,0.000342407122068139
A2,ALL,QuRating,qurater_expertise,17523,0.5056377730796335,0.10253699788583509,0.890415785764623,0.19443017748102495,0.18746789933230612,0.233615221987315,0.05341551104262968,0.026479484106602752
A2,ALL,QuRating,qurater_facts,17523,0.49682875264270615,0.1124031007751938,0.8766737138830162,0.1940877703589568,0.1916338526508018,0.18181818181818182,0.043086229526907494,0.009644467271585916
A2,ALL,QuRating,qurater_edu,17523,0.51092318534179,0.09654686398872446,0.9108527131782945,0.1957998059692975,0.20287621982537238,0.17512332628611704,0.06089139987445072,0.0034811390743594134
A2,ALL,ModernBERT,modernbert_professionalism,17523,0.5028188865398168,0.09873150105708248,0.9076814658210007,0.19220453118758205,0.21234948353592423,0.20577871740662446,0.0531872396279176,0.0010842892198824402
A2,ALL,ModernBERT,modernbert_readability,17523,0.4904862579281184,0.09802677942212829,0.8957011980267794,0.21023797294983734,0.19151971694344574,0.3368569415081043,0.04913542201677795,0.01637847400559265
A2,ALL,ModernBERT,modernbert_reasoning,17523,0.5285412262156448,0.10993657505285412,0.8957011980267794,0.1883809849911545,0.2052160018261713,0.1705426356589147,0.04365690806368772,0.0021685784397648803
A2,ALL,ModernBERT,modernbert_cleanliness,17523,0.49612403100775193,0.10359408033826638,0.8935870331219169,0.20184899845916796,0.19026422416252925,0.17829457364341084,0.05524168236032643,0.0021115105860868575
A2,ALL,DSIR,dsir_books,17523,0.48731501057082455,0.10852713178294573,0.904862579281184,0.1864406779661017,0.19397363465160075,0.014446793516560974,0.05124693260286481,0.0
A2,ALL,DSIR,dsir_wiki,17523,0.48379140239605356,0.10782241014799154,0.9013389711064129,0.18684015294184786,0.19522912743251727,0.01620859760394644,0.05004850767562632,0.0
A2,ALL,DSIR,dsir_math,17523,0.49330514446793516,0.11064129668780831,0.8949964763918252,0.19443017748102495,0.19522912743251727,0.029950669485553222,0.05187467899332306,0.0007989499514923244
A2,ALL,RPS,rps_doc_word_count,17523,0.4883720930232558,0.10429880197322058,0.8883016208597604,0.20139245562974376,0.19151971694344574,0.19978858350951376,0.052274153969069224,5.706785367802317e-05
A2,ALL,RPS,rps_doc_num_sentences,17523,0.48379140239605356,0.09760394644115575,0.8798449612403101,0.20139245562974376,0.19106317411402157,0.19943622269203662,0.052102950408035156,0.0
A2,ALL,RPS,rps_doc_mean_word_length,17523,0.5014094432699084,0.1068357998590557,0.8964059196617337,0.21029504080351538,0.1900930206014952,0.23925299506694858,0.05124693260286481,0.000342407122068139
A2,ALL,RPS,rps_doc_unigram_entropy,17523,0.49541930937279777,0.10429880197322058,0.9013389711064129,0.20036523426353936,0.216743708269132,0.22128259337561668,0.0657421674370827,0.00028533926839011586
A2,ALL,RPS,rps_doc_frac_no_alph_words,17523,0.49823819591261453,0.10429880197322058,0.8999295278365046,0.19648462021343377,0.2029903555327284,0.2248062015503876,0.05153227187125492,0.00011413570735604634
A2,ALL,RPS,rps_doc_frac_unique_words,17523,0.4686398872445384,0.09866102889358704,0.8957011980267794,0.21343377275580666,0.18204645323289392,0.2605708245243129,0.04702391143069109,0.0029675283912572047
A2,ALL,RPS,rps_doc_frac_chars_top_2gram,17523,0.5172656800563777,0.09767441860465119,0.9006342494714588,0.19220453118758205,0.20447411972835702,0.24665257223396764,0.04662443645494493,0.0009130856588483707
A2,ALL,RPS,rps_doc_frac_chars_top_3gram,17523,0.4975334742776603,0.10359408033826638,0.9020436927413672,0.19448724533470296,0.19836785938480853,0.23431994362226924,0.044569993722536096,0.0006277463904582549
A2,ALL,RPS,rps_lines_uppercase_letter_fraction,17523,0.5267794221282593,0.1113460183227625,0.8893587033121917,0.17822290703646637,0.20076470923928552,0.29527836504580685,0.042515550990127264,0.005079038977344062
A2,ALL,RPS,rps_lines_ending_with_terminal_punctution_mark,17523,0.48766737138830163,0.10923185341789993,0.8843551797040172,0.1904354277235633,0.18090509615933345,0.24242424242424238,0.04907835416309993,0.0008560178051703475
A2,ALL,RPS,rps_lines_numerical_chars_fraction,17523,0.4904862579281184,0.10288935870331219,0.9005637773079638,0.19848199509216458,0.20607201963134167,0.24277660324171957,0.04245848313644924,0.0001712035610340695
A2,arxiv,FineWeb-Edu,fineweb_edu,17523,0.4820295983086681,0.09873150105708248,0.8801973220577872,0.20578668036295156,0.18507104947782915,,,
A2,arxiv,轻量分类器,fluency_en,17523,0.4985905567300916,0.09513742071881606,0.8946441155743481,0.2199395080751013,0.19328882040746448,,,
A2,arxiv,轻量分类器,ad_en,17523,0.48625792811839325,0.09513742071881606,0.9031007751937985,0.21371911202419677,0.1916338526508018,,,
A2,arxiv,QuRating,qurater_writing,17523,0.4996476391825229,0.10429880197322058,0.890415785764623,0.20253381270330423,0.20413171260628887,0.13072586328400282,0.05056211835872853,0.000342407122068139
A2,arxiv,QuRating,qurater_expertise,17523,0.5056377730796335,0.10253699788583509,0.890415785764623,0.19443017748102495,0.18746789933230612,0.233615221987315,0.05341551104262968,0.026479484106602752
A2,arxiv,QuRating,qurater_facts,17523,0.49682875264270615,0.1124031007751938,0.8766737138830162,0.1940877703589568,0.1916338526508018,0.18181818181818182,0.043086229526907494,0.009644467271585916
A2,arxiv,QuRating,qurater_edu,17523,0.51092318534179,0.09654686398872446,0.9108527131782945,0.1957998059692975,0.20287621982537238,0.17512332628611704,0.06089139987445072,0.0034811390743594134
A2,arxiv,ModernBERT,modernbert_professionalism,17523,0.5028188865398168,0.09873150105708248,0.9076814658210007,0.19220453118758205,0.21234948353592423,0.20577871740662446,0.0531872396279176,0.0010842892198824402
A2,arxiv,ModernBERT,modernbert_readability,17523,0.4904862579281184,0.09802677942212829,0.8957011980267794,0.21023797294983734,0.19151971694344574,0.3368569415081043,0.04913542201677795,0.01637847400559265
A2,arxiv,ModernBERT,modernbert_reasoning,17523,0.5285412262156448,0.10993657505285412,0.8957011980267794,0.1883809849911545,0.2052160018261713,0.1705426356589147,0.04365690806368772,0.0021685784397648803
A2,arxiv,ModernBERT,modernbert_cleanliness,17523,0.49612403100775193,0.10359408033826638,0.8935870331219169,0.20184899845916796,0.19026422416252925,0.17829457364341084,0.05524168236032643,0.0021115105860868575
A2,arxiv,DSIR,dsir_books,17523,0.48731501057082455,0.10852713178294573,0.904862579281184,0.1864406779661017,0.19397363465160075,0.014446793516560974,0.05124693260286481,0.0
A2,arxiv,DSIR,dsir_wiki,17523,0.48379140239605356,0.10782241014799154,0.9013389711064129,0.18684015294184786,0.19522912743251727,0.01620859760394644,0.05004850767562632,0.0
A2,arxiv,DSIR,dsir_math,17523,0.49330514446793516,0.11064129668780831,0.8949964763918252,0.19443017748102495,0.19522912743251727,0.029950669485553222,0.05187467899332306,0.0007989499514923244
A2,arxiv,RPS,rps_doc_word_count,17523,0.4883720930232558,0.10429880197322058,0.8883016208597604,0.20139245562974376,0.19151971694344574,0.19978858350951376,0.052274153969069224,5.706785367802317e-05
A2,arxiv,RPS,rps_doc_num_sentences,17523,0.48379140239605356,0.09760394644115575,0.8798449612403101,0.20139245562974376,0.19106317411402157,0.19943622269203662,0.052102950408035156,0.0
A2,arxiv,RPS,rps_doc_mean_word_length,17523,0.5014094432699084,0.1068357998590557,0.8964059196617337,0.21029504080351538,0.1900930206014952,0.23925299506694858,0.05124693260286481,0.000342407122068139
A2,arxiv,RPS,rps_doc_unigram_entropy,17523,0.49541930937279777,0.10429880197322058,0.9013389711064129,0.20036523426353936,0.216743708269132,0.22128259337561668,0.0657421674370827,0.00028533926839011586
A2,arxiv,RPS,rps_doc_frac_no_alph_words,17523,0.49823819591261453,0.10429880197322058,0.8999295278365046,0.19648462021343377,0.2029903555327284,0.2248062015503876,0.05153227187125492,0.00011413570735604634
A2,arxiv,RPS,rps_doc_frac_unique_words,17523,0.4686398872445384,0.09866102889358704,0.8957011980267794,0.21343377275580666,0.18204645323289392,0.2605708245243129,0.04702391143069109,0.0029675283912572047
A2,arxiv,RPS,rps_doc_frac_chars_top_2gram,17523,0.5172656800563777,0.09767441860465119,0.9006342494714588,0.19220453118758205,0.20447411972835702,0.24665257223396764,0.04662443645494493,0.0009130856588483707
A2,arxiv,RPS,rps_doc_frac_chars_top_3gram,17523,0.4975334742776603,0.10359408033826638,0.9020436927413672,0.19448724533470296,0.19836785938480853,0.23431994362226924,0.044569993722536096,0.0006277463904582549
A2,arxiv,RPS,rps_lines_uppercase_letter_fraction,17523,0.5267794221282593,0.1113460183227625,0.8893587033121917,0.17822290703646637,0.20076470923928552,0.29527836504580685,0.042515550990127264,0.005079038977344062
A2,arxiv,RPS,rps_lines_ending_with_terminal_punctution_mark,17523,0.48766737138830163,0.10923185341789993,0.8843551797040172,0.1904354277235633,0.18090509615933345,0.24242424242424238,0.04907835416309993,0.0008560178051703475
A2,arxiv,RPS,rps_lines_numerical_chars_fraction,17523,0.4904862579281184,0.10288935870331219,0.9005637773079638,0.19848199509216458,0.20607201963134167,0.24277660324171957,0.04245848313644924,0.0001712035610340695
A3,ALL,FineWeb-Edu,fineweb_edu,203752,0.5047,0.1016,0.901,0.20085692410381248,0.20117103144999804,,,
A3,ALL,轻量分类器,fluency_en,203752,0.5007,0.10265,0.9,0.20027778868428286,0.20248635596215006,,,
A3,ALL,轻量分类器,ad_en,203752,0.5037,0.10465,0.8995,0.19005457615139973,0.20228513094349995,,,
A3,ALL,QuRating,qurater_writing,203752,0.4956,0.10215,0.90345,0.19993914170167654,0.2044593427303781,0.1694,0.04778358003847815,0.018777729789155442
A3,ALL,QuRating,qurater_expertise,203752,0.49975,0.0984,0.89965,0.19818210373395106,0.19883485806274295,0.15335,0.05247065059484079,0.01850288586124308
A3,ALL,QuRating,qurater_facts,203752,0.50245,0.10125,0.8995,0.19747045427774942,0.19608151085633516,0.11635000000000006,0.049035101495936234,0.0009570458204091249
A3,ALL,QuRating,qurater_edu,203752,0.4964,0.09875,0.90265,0.20202991872472417,0.2018532333424948,0.10662499999999997,0.05184243590246967,0.0006674781106443127
A3,ALL,ModernBERT,modernbert_professionalism,203752,0.4924,0.099,0.9010449999999998,0.2006311594487416,0.19954159959166046,0.22540000000000004,0.051493973065295066,0.015175311162589815
A3,ALL,ModernBERT,modernbert_readability,203752,0.4986,0.09706000000000022,0.9031,0.20333051945502376,0.1998851545015509,0.1835,0.0504534924810554,0.0021987514232989125
A3,ALL,ModernBERT,modernbert_reasoning,203752,0.4929,0.0971,0.8992,0.20335015116416036,0.19674898896697945,0.19830000000000003,0.05458596725430916,0.00015705367309277945
A3,ALL,ModernBERT,modernbert_cleanliness,203752,0.4945,0.1009,0.8987,0.20290352978130277,0.19979190388315207,0.2137,0.0523724920491578,0.0027631630609760887
A3,ALL,DSIR,dsir_books,203752,0.4998,0.0984,0.9,0.20103360948604185,0.20387529938356433,0.007500000000000062,0.04724370803722172,0.00034846283717460445
A3,ALL,DSIR,dsir_wiki,203752,0.5004249999999999,0.0985,0.9008,0.20099434606776867,0.2042188542934548,0.008549999999999947,0.04775413247477325,0.0003877262554477993
A3,ALL,DSIR,dsir_math,203752,0.4968,0.0984,0.9009949999999998,0.20431701283913778,0.2046065805489026,0.013850000000000001,0.04565353959715733,0.003376653971494758
A3,ALL,RPS,rps_doc_word_count,203752,0.50235,0.09765,0.89745,0.19939436177313596,0.19584593034669598,0.232975,0.04897620636852645,0.00019140916408182497
A3,ALL,RPS,rps_doc_num_sentences,203752,0.5023,0.07195,0.8996,0.20277101574463072,0.1988888452628686,0.23049999999999993,0.049732027170285444,9.32506183988378e-05
A3,ALL,RPS,rps_doc_mean_word_length,203752,0.5017,0.1022,0.9018,0.19602261572892535,0.20116121559542974,0.25955,0.051253484628371745,0.0012956928030154306
A3,ALL,RPS,rps_doc_unigram_entropy,203752,0.4998,0.0982,0.8981,0.20197593152459853,0.20112195217715653,0.22710000000000002,0.04916761553260827,0.00021594880050257174
A3,ALL,RPS,rps_doc_frac_no_alph_words,203752,0.4899,0.0956050000000001,0.89705,0.20406670854764616,0.19495759550826494,0.2379,0.05068907299069457,0.00035827869174290315
A3,ALL,RPS,rps_doc_frac_unique_words,203752,0.4982,0.0977,0.89945,0.2021428010522596,0.2000323923200754,0.21067499999999997,0.0527504024500373,0.0
A3,ALL,RPS,rps_doc_frac_chars_top_2gram,203752,0.52685,0.1042,0.8675,0.22507263732380542,0.2640563037418038,0.2655749999999999,0.047876830656876986,3.926341827319486e-05
A3,ALL,RPS,rps_doc_frac_chars_top_3gram,203752,0.53465,0.08835,0.79715,0.18476873846637087,0.0,0.24722499999999997,0.054046095253052734,1.963170913659743e-05
A3,ALL,RPS,rps_lines_uppercase_letter_fraction,203752,0.4958,0.0979,0.9004949999999997,0.2029477011268601,0.19617966940201814,0.30492500000000006,0.04898111429581059,0.004520201028701559
A3,ALL,RPS,rps_lines_ending_with_terminal_punctution_mark,203752,0.5135,0.10085,0.90385,0.2029182535631552,0.19435882837959872,0.24322500000000002,0.05135164317405473,0.000657662256076014
A3,ALL,RPS,rps_lines_numerical_chars_fraction,203752,0.499275,0.0964,0.8721,0.20277592367191488,0.2608857827162433,0.24029999999999993,0.05215654324865523,0.00023558050963916918
A3,github,FineWeb-Edu,fineweb_edu,203752,0.5047,0.1016,0.901,0.20085692410381248,0.20117103144999804,,,
A3,github,轻量分类器,fluency_en,203752,0.5007,0.10265,0.9,0.20027778868428286,0.20248635596215006,,,
A3,github,轻量分类器,ad_en,203752,0.5037,0.10465,0.8995,0.19005457615139973,0.20228513094349995,,,
A3,github,QuRating,qurater_writing,203752,0.4956,0.10215,0.90345,0.19993914170167654,0.2044593427303781,0.1694,0.04778358003847815,0.018777729789155442
A3,github,QuRating,qurater_expertise,203752,0.49975,0.0984,0.89965,0.19818210373395106,0.19883485806274295,0.15335,0.05247065059484079,0.01850288586124308
A3,github,QuRating,qurater_facts,203752,0.50245,0.10125,0.8995,0.19747045427774942,0.19608151085633516,0.11635000000000006,0.049035101495936234,0.0009570458204091249
A3,github,QuRating,qurater_edu,203752,0.4964,0.09875,0.90265,0.20202991872472417,0.2018532333424948,0.10662499999999997,0.05184243590246967,0.0006674781106443127
A3,github,ModernBERT,modernbert_professionalism,203752,0.4924,0.099,0.9010449999999998,0.2006311594487416,0.19954159959166046,0.22540000000000004,0.051493973065295066,0.015175311162589815
A3,github,ModernBERT,modernbert_readability,203752,0.4986,0.09706000000000022,0.9031,0.20333051945502376,0.1998851545015509,0.1835,0.0504534924810554,0.0021987514232989125
A3,github,ModernBERT,modernbert_reasoning,203752,0.4929,0.0971,0.8992,0.20335015116416036,0.19674898896697945,0.19830000000000003,0.05458596725430916,0.00015705367309277945
A3,github,ModernBERT,modernbert_cleanliness,203752,0.4945,0.1009,0.8987,0.20290352978130277,0.19979190388315207,0.2137,0.0523724920491578,0.0027631630609760887
A3,github,DSIR,dsir_books,203752,0.4998,0.0984,0.9,0.20103360948604185,0.20387529938356433,0.007500000000000062,0.04724370803722172,0.00034846283717460445
A3,github,DSIR,dsir_wiki,203752,0.5004249999999999,0.0985,0.9008,0.20099434606776867,0.2042188542934548,0.008549999999999947,0.04775413247477325,0.0003877262554477993
A3,github,DSIR,dsir_math,203752,0.4968,0.0984,0.9009949999999998,0.20431701283913778,0.2046065805489026,0.013850000000000001,0.04565353959715733,0.003376653971494758
A3,github,RPS,rps_doc_word_count,203752,0.50235,0.09765,0.89745,0.19939436177313596,0.19584593034669598,0.232975,0.04897620636852645,0.00019140916408182497
A3,github,RPS,rps_doc_num_sentences,203752,0.5023,0.07195,0.8996,0.20277101574463072,0.1988888452628686,0.23049999999999993,0.049732027170285444,9.32506183988378e-05
A3,github,RPS,rps_doc_mean_word_length,203752,0.5017,0.1022,0.9018,0.19602261572892535,0.20116121559542974,0.25955,0.051253484628371745,0.0012956928030154306
A3,github,RPS,rps_doc_unigram_entropy,203752,0.4998,0.0982,0.8981,0.20197593152459853,0.20112195217715653,0.22710000000000002,0.04916761553260827,0.00021594880050257174
A3,github,RPS,rps_doc_frac_no_alph_words,203752,0.4899,0.0956050000000001,0.89705,0.20406670854764616,0.19495759550826494,0.2379,0.05068907299069457,0.00035827869174290315
A3,github,RPS,rps_doc_frac_unique_words,203752,0.4982,0.0977,0.89945,0.2021428010522596,0.2000323923200754,0.21067499999999997,0.0527504024500373,0.0
A3,github,RPS,rps_doc_frac_chars_top_2gram,203752,0.52685,0.1042,0.8675,0.22507263732380542,0.2640563037418038,0.2655749999999999,0.047876830656876986,3.926341827319486e-05
A3,github,RPS,rps_doc_frac_chars_top_3gram,203752,0.53465,0.08835,0.79715,0.18476873846637087,0.0,0.24722499999999997,0.054046095253052734,1.963170913659743e-05
A3,github,RPS,rps_lines_uppercase_letter_fraction,203752,0.4958,0.0979,0.9004949999999997,0.2029477011268601,0.19617966940201814,0.30492500000000006,0.04898111429581059,0.004520201028701559
A3,github,RPS,rps_lines_ending_with_terminal_punctution_mark,203752,0.5135,0.10085,0.90385,0.2029182535631552,0.19435882837959872,0.24322500000000002,0.05135164317405473,0.000657662256076014
A3,github,RPS,rps_lines_numerical_chars_fraction,203752,0.499275,0.0964,0.8721,0.20277592367191488,0.2608857827162433,0.24029999999999993,0.05215654324865523,0.00023558050963916918
