tau,legacy_four_candidate_rate
0.3,0.8269373414015225
0.31,0.8146008198321296
0.32,0.8021276595744681
0.32999999999999996,0.7889127464376342
0.33999999999999997,0.7759125512395081
0.35,0.7606675775912551
0.36,0.7464376341987117
0.37,0.7315830568026547
0.38,0.7169627171579153
0.38999999999999996,0.7018739020105407
0.39999999999999997,0.6875073199297287
0.41,0.6725161038454031
0.42,0.6566269763810267
0.42999999999999994,0.6408940074175288
0.43999999999999995,0.623794651571345
0.44999999999999996,0.6069490532890884
0.45999999999999996,0.5906304899472965
0.47,0.5722233066562561
0.48,0.5549092328713644
0.49,0.5375170798360336
0.49999999999999994,0.5199687682998243
0.51,0.5022447784501268
0.52,0.4845793480382588
0.5299999999999999,0.46773374975600235
0.5399999999999999,0.45041967597111066
0.5499999999999999,0.43398399375366
0.5599999999999999,0.41795822760101503
0.57,0.4009369510052703
0.58,0.38416943197345305
0.59,0.3685731016982237
0.5999999999999999,0.352820612922116
0.6099999999999999,0.33654108920554365
0.6199999999999999,0.3200078079250439
0.6299999999999999,0.30388444270935
0.6399999999999999,0.28834667187195
0.6499999999999999,0.2731407378489166
0.6599999999999999,0.2590864727698614
0.6699999999999999,0.2443490142494632
0.6799999999999999,0.23062658598477453
0.69,0.2169041577200859
0.7,0.2036306851454226
0.71,0.1907671286355651
0.72,0.17846964669139176
0.73,0.166601600624634
0.74,0.15510443099746243
0.75,0.1428850283037283
0.7599999999999999,0.13179777474136248
0.7699999999999999,0.12104235799336327
0.7799999999999999,0.11122389225063439
0.7899999999999999,0.10124926800702713
0.7999999999999999,0.0926410306461058
0.8099999999999998,0.08372047628342767
0.8199999999999998,0.07511223892250635
0.8299999999999998,0.06722623462814757
0.8399999999999999,0.06012102283818075
0.8499999999999999,0.05328908842475112
0.8599999999999999,0.04698418895178606
0.8699999999999999,0.04050361116533281
0.8799999999999999,0.03419871169236775
0.8899999999999999,0.02828420847159867
0.8999999999999999,0.023658012883076323
0.9099999999999999,0.019578372047628342
0.9199999999999999,0.015440171774350966
0.9299999999999999,0.011341011126293188
0.94,0.00833495998438415
0.95,0.0055631465937927
