dataset,domain,source,n_indicators,n,median_internal_span,p90_internal_span,internal_split_candidate_rate,within_source_opposition_rate,single_indicator_source_candidate_rate,kendall_W_A1_rank_8000
A1,ALL,RPS,11,51230,0.6251249999999999,0.82885,0.0499512004684755,0.6944758930314269,0.009916064805777865,0.1401257752293671
A1,ALL,DSIR,3,51230,0.036719999999999975,0.16807999999999995,0.0500097599063049,1.9519812609798946e-05,0.014190903767323834,0.9673472190210503
A1,ALL,轻量分类器,2,51230,0.16712000000000005,0.44044,0.0500097599063049,0.030060511419090375,,0.6912276790445732
A1,ALL,FineWeb-Edu,1,51230,,,,,,
A1,ALL,QuRating,4,51230,0.2765675,0.4983715,0.0500097599063049,0.05166894397813781,0.038239312902596134,0.6754718689739256
A1,ALL,ModernBERT,4,51230,0.31543170190274844,0.5772419999999999,0.0500097599063049,0.09740386492289674,0.027737653718524304,0.5785964515059016
A1,arxiv,RPS,11,1419,0.6420014094432699,0.8318534178999296,0.05003523608174771,0.7505285412262156,0.012684989429175475,0.1401257752293671
A1,arxiv,DSIR,3,1419,0.025933756166314326,0.07678646934460891,0.05003523608174771,0.0,0.0014094432699083862,0.9673472190210503
A1,arxiv,轻量分类器,2,1419,0.1950669485553207,0.48400281888653995,0.05003523608174771,0.04510218463706836,,0.6912276790445732
A1,arxiv,FineWeb-Edu,1,1419,,,,,,
A1,arxiv,QuRating,4,1419,0.3577519379844961,0.5681888653981679,0.05003523608174771,0.10923185341789993,0.041578576462297394,0.6754718689739256
A1,arxiv,ModernBERT,4,1419,0.4102889358703312,0.6582241014799154,0.05003523608174771,0.23678646934460887,0.019027484143763214,0.5785964515059016
A1,book,RPS,11,171,0.6257309941520468,0.8187134502923977,0.05263157894736842,0.6783625730994152,0.005847953216374269,0.1401257752293671
A1,book,DSIR,3,171,0.14502923976608184,0.26666666666666666,0.05263157894736842,0.0,0.017543859649122806,0.9673472190210503
A1,book,轻量分类器,2,171,0.20116959064327486,0.49590643274853796,0.05263157894736842,0.03508771929824561,,0.6912276790445732
A1,book,FineWeb-Edu,1,171,,,,,,
A1,book,QuRating,4,171,0.27719298245614044,0.4877192982456142,0.05263157894736842,0.04093567251461988,0.03508771929824561,0.6754718689739256
A1,book,ModernBERT,4,171,0.283625730994152,0.5514619883040937,0.05263157894736842,0.07602339181286549,0.04678362573099415,0.5785964515059016
A1,c4,RPS,11,10000,0.594475,0.8091050000000001,0.0499,0.6119,0.0046,0.1401257752293671
A1,c4,DSIR,3,10000,0.10247999999999999,0.23912,0.05,0.0,0.0227,0.9673472190210503
A1,c4,轻量分类器,2,10000,0.19750000000000006,0.4610600000000001,0.05,0.0319,,0.6912276790445732
A1,c4,FineWeb-Edu,1,10000,,,,,,
A1,c4,QuRating,4,10000,0.29269750000000005,0.4980690000000001,0.05,0.0523,0.0423,0.6754718689739256
A1,c4,ModernBERT,4,10000,0.31738750000000004,0.582511,0.05,0.089,0.0255,0.5785964515059016
A1,commoncrawl,RPS,11,9640,0.6008298755186723,0.8254719917012447,0.04989626556016598,0.6276970954356846,0.01628630705394191,0.1401257752293671
A1,commoncrawl,DSIR,3,9640,0.09045643153526979,0.22242323651452292,0.05,0.0001037344398340249,0.023443983402489627,0.9673472190210503
A1,commoncrawl,轻量分类器,2,9640,0.1879045643153528,0.47573029045643156,0.05,0.040767634854771785,,0.6912276790445732
A1,commoncrawl,FineWeb-Edu,1,9640,,,,,,
A1,commoncrawl,QuRating,4,9640,0.2934284232365145,0.5066955394190872,0.05,0.0537344398340249,0.039107883817427386,0.6754718689739256
A1,commoncrawl,ModernBERT,4,9640,0.3241182572614108,0.590438796680498,0.05,0.10933609958506224,0.028319502074688797,0.5785964515059016
A1,github,RPS,11,10000,0.644325,0.8322,0.0499,0.7448,0.0071,0.1401257752293671
A1,github,DSIR,3,10000,0.015040000000000053,0.044728000000000115,0.05,0.0,0.0044,0.9673472190210503
A1,github,轻量分类器,2,10000,0.15796,0.440608,0.05,0.036,,0.6912276790445732
A1,github,FineWeb-Edu,1,10000,,,,,,
A1,github,QuRating,4,10000,0.2769625,0.5266305000000001,0.05,0.0731,0.0388,0.6754718689739256
A1,github,ModernBERT,4,10000,0.36752000000000007,0.6158370000000003,0.05,0.1317,0.0212,0.5785964515059016
A1,stackexchange,RPS,11,10000,0.6298,0.8382000000000001,0.05,0.7072,0.0116,0.1401257752293671
A1,stackexchange,DSIR,3,10000,0.021579999999999988,0.05464800000000005,0.05,0.0,0.0052,0.9673472190210503
A1,stackexchange,轻量分类器,2,10000,0.15504000000000004,0.4264560000000001,0.05,0.0265,,0.6912276790445732
A1,stackexchange,FineWeb-Edu,1,10000,,,,,,
A1,stackexchange,QuRating,4,10000,0.22920500000000002,0.43229199999999995,0.05,0.0213,0.0339,0.6754718689739256
A1,stackexchange,ModernBERT,4,10000,0.25745999999999997,0.526992,0.05,0.0663,0.0289,0.5785964515059016
A1,wikipedia,RPS,11,10000,0.6471,0.8437650000000001,0.05,0.7707,0.0099,0.1401257752293671
A1,wikipedia,DSIR,3,10000,0.043840000000000004,0.12040000000000003,0.05,0.0,0.0173,0.9673472190210503
A1,wikipedia,轻量分类器,2,10000,0.14054,0.3766000000000002,0.05,0.0133,,0.6912276790445732
A1,wikipedia,FineWeb-Edu,1,10000,,,,,,
A1,wikipedia,QuRating,4,10000,0.28326000000000007,0.49965600000000004,0.05,0.05,0.0367,0.6754718689739256
A1,wikipedia,ModernBERT,4,10000,0.29513500000000004,0.5343910000000002,0.05,0.0717,0.0357,0.5785964515059016
A2,ALL,RPS,11,17523,0.6377730796335448,0.828752642706131,0.05193174684700108,0.7504993437196827,0.011413570735604634,0.1401257752293671
A2,ALL,DSIR,3,17523,0.026497533474277635,0.07836504580690629,0.054043257433087945,0.0,0.0007989499514923244,0.9673472190210503
A2,ALL,轻量分类器,2,17523,0.21000704721634966,0.4912755461592674,0.05592649660446271,0.04839353991896365,,0.6912276790445732
A2,ALL,FineWeb-Edu,1,17523,,,,,,
A2,ALL,QuRating,4,17523,0.359337561663143,0.5643763213530656,0.05124693260286481,0.11385036808765622,0.03994749757461622,0.6754718689739256
A2,ALL,ModernBERT,4,17523,0.41536293164200133,0.6645384073291051,0.05016264338298237,0.22918450037094104,0.021742852251326827,0.5785964515059016
A2,arxiv,RPS,11,17523,0.6377730796335448,0.828752642706131,0.05193174684700108,0.7504993437196827,0.011413570735604634,0.1401257752293671
A2,arxiv,DSIR,3,17523,0.026497533474277635,0.07836504580690629,0.054043257433087945,0.0,0.0007989499514923244,0.9673472190210503
A2,arxiv,轻量分类器,2,17523,0.21000704721634966,0.4912755461592674,0.05592649660446271,0.04839353991896365,,0.6912276790445732
A2,arxiv,FineWeb-Edu,1,17523,,,,,,
A2,arxiv,QuRating,4,17523,0.359337561663143,0.5643763213530656,0.05124693260286481,0.11385036808765622,0.03994749757461622,0.6754718689739256
A2,arxiv,ModernBERT,4,17523,0.41536293164200133,0.6645384073291051,0.05016264338298237,0.22918450037094104,0.021742852251326827,0.5785964515059016
A3,ALL,RPS,11,203752,0.64845,0.8341,0.05116023400997291,0.7468589265381445,0.007626918999568103,0.1401257752293671
A3,ALL,DSIR,3,203752,0.014880000000000004,0.044320000000000026,0.046983587891161804,0.0,0.004112843064117162,0.9673472190210503
A3,ALL,轻量分类器,2,203752,0.15560000000000007,0.44164000000000003,0.04722898425536927,0.03494935019042758,,0.6912276790445732
A3,ALL,FineWeb-Edu,1,203752,,,,,,
A3,ALL,QuRating,4,203752,0.27925,0.5291350000000001,0.050949193136754486,0.0722495975499627,0.03890513958145196,0.6754718689739256
A3,ALL,ModernBERT,4,203752,0.36778,0.6240789999999999,0.05250500608582983,0.13729435784679414,0.020294279319957597,0.5785964515059016
A3,github,RPS,11,203752,0.64845,0.8341,0.05116023400997291,0.7468589265381445,0.007626918999568103,0.1401257752293671
A3,github,DSIR,3,203752,0.014880000000000004,0.044320000000000026,0.046983587891161804,0.0,0.004112843064117162,0.9673472190210503
A3,github,轻量分类器,2,203752,0.15560000000000007,0.44164000000000003,0.04722898425536927,0.03494935019042758,,0.6912276790445732
A3,github,FineWeb-Edu,1,203752,,,,,,
A3,github,QuRating,4,203752,0.27925,0.5291350000000001,0.050949193136754486,0.0722495975499627,0.03890513958145196,0.6754718689739256
A3,github,ModernBERT,4,203752,0.36778,0.6240789999999999,0.05250500608582983,0.13729435784679414,0.020294279319957597,0.5785964515059016
