dataset,A1_tail_quantile,stance_tail,high_disagreement_candidate_rate,multi_source_opposition_rate
A1,0.9,0.1,0.0999609603747804,0.00445051727503416
A1,0.9,0.2,0.0999609603747804,0.022662502439976577
A1,0.9,0.25,0.0999609603747804,0.03376927581495218
A1,0.95,0.1,0.0499902400936951,0.0037478040210813975
A1,0.95,0.2,0.0499902400936951,0.013566269763810267
A1,0.95,0.25,0.0499902400936951,0.01907085691977357
A1,0.975,0.1,0.024985360140542652,0.0027522935779816515
A1,0.975,0.2,0.024985360140542652,0.007983603357407769
A1,0.975,0.25,0.024985360140542652,0.010638297872340425
A2,0.9,0.1,0.09193631227529532,0.0063345317582605715
A2,0.9,0.2,0.09193631227529532,0.02670775552131484
A2,0.9,0.25,0.09193631227529532,0.03766478342749529
A2,0.95,0.1,0.04730925069908121,0.004622496147919877
A2,0.95,0.2,0.04730925069908121,0.01580779546881242
A2,0.95,0.25,0.04730925069908121,0.02128630942190264
A2,0.975,0.1,0.020030816640986132,0.002682189122867089
A2,0.975,0.2,0.020030816640986132,0.007590024539177081
A2,0.975,0.25,0.020030816640986132,0.009872738686298009
A3,0.9,0.1,0.09737327731752327,0.008579056892693077
A3,0.9,0.2,0.09737327731752327,0.026949428717264124
A3,0.9,0.25,0.09737327731752327,0.03660332168518591
A3,0.95,0.1,0.049898896697946525,0.0073766147080764856
A3,0.95,0.2,0.049898896697946525,0.01765872236836939
A3,0.95,0.25,0.049898896697946525,0.021840276414464642
A3,0.975,0.1,0.02439239860222231,0.005359456594291099
A3,0.975,0.2,0.02439239860222231,0.011170442498723938
A3,0.975,0.25,0.02439239860222231,0.012888217048176213
