domain,lam,CI_lo,CI_hi,sig,dRMSE_test
arxiv,0.7944890757596234,0.560449791668235,1.047362049601867,True,-0.002467605997670125
freelaw,-0.6007177267484266,-0.7777455309039519,-0.4220700610463274,True,-0.003925984056516521
pubmed_central,-0.10162416701060054,-0.3691973056916874,0.17525923820408854,False,-0.00013481038466940654
wikipedia_en,-0.5089902088156717,-0.6501397548616078,-0.36379042132077294,True,-0.0025697304706890356
dm_mathematics,-0.134174990270419,-0.8543992417647144,0.524880865555896,False,-5.213493328679042e-05
github,-0.3867624960402037,-0.6990260196325858,-0.07915555313734843,True,-0.0011095514781020444
stackexchange,-0.11245707263579056,-0.3687337190705051,0.13781489389969828,False,-0.00032016042888018126
gutenberg_pg_19,-0.35041134383072353,-0.5097371339647736,-0.20296013705134267,True,-0.0018559996990224828
pile_cc,-0.29076175934531395,-0.4210440163034186,-0.15338727019922282,True,-0.0012125574360875302
ubuntu_irc,-0.23958594185223173,-0.4745810091298355,-0.01170954014114625,True,-0.0008159234636408996
hackernews,-0.16701329401083626,-0.30190272890025427,-0.02585363029515761,True,-0.0007753977843893908
pubmed_abstracts,-0.2485310907885243,-0.44677584652765273,-0.002286350420185909,True,-0.0004251692036154331
uspto_backgrounds,-0.2823305070772047,-0.46101935223323437,-0.11360439747923727,True,-0.00010437741806532813
