domain,Q_d,nu_d
arxiv,0.7706568296998739,0.0002695788082135334
freelaw,0.6303225787426627,-0.00011060839326085718
nih_exporter,0.6927935983830715,-0.0029639530831942797
pubmed_central,0.6761942925461015,9.852401932142489e-05
wikipedia_en,0.5990681443363428,0.0004981942439937364
dm_mathematics,0.508702220639009,0.009220079916603128
github,0.6172240935266018,0.00013081093951396543
philpapers,0.7099320299787217,-0.003399077705102771
stackexchange,0.6599974129348993,0.003172655176043223
enron_emails,0.5899471276746837,-0.008632632616431584
gutenberg_pg_19,0.6313239391893148,-0.0005368242230369194
pile_cc,0.676134904846549,-0.0003197870734301015
ubuntu_irc,0.7112236676554923,0.004899933763596871
europarl,0.709059647286774,-0.001764833576558349
hackernews,0.6901658919596503,-0.0008256712084926238
pubmed_abstracts,0.6701212066843797,0.00038863976523750604
uspto_backgrounds,0.688179702908887,-0.00012502875301589878
