family,n,min_dist,median_dist,near_duplicate_of_B1
BLOOM,4,0.06872924764881197,0.08925967249309313,False
Cerebras-GPT,7,0.8348512600614367,0.8356149255081718,False
Falcon,2,0.6991791608881233,0.7864747652562388,False
GPT2,4,0.025027706396620747,0.09930039448978595,True
Gemma,3,0.5624128963645946,1.136803165682622,False
LLaMA,6,0.6126474450918091,1.0676860216414612,False
Mistral,1,1.4261502443571614,1.4261502443571614,False
OPT,7,0.010316311950478562,0.037176653939246344,True
Phi,6,0.13568116665862323,0.772240903746158,False
Pythia,8,0.0012482506392464353,0.007994094669249996,True
Qwen2,7,0.11873142304712364,1.0247330584720482,False
Yi,2,1.0018491015490916,1.0500158510685405,False
