domain,dphi_dp,p_star,dL_dp_1B_main,dL_dp_1B_upper
dm_mathematics,-0.15674135858225322,0.0363491098381078,-0.14748382277153532,-0.37678902352738086
ubuntu_irc,-0.08329887398114681,0.0373033134892837,-0.078379034598306,-0.20024135092472206
stackexchange,-0.053935137992734805,0.1056113676553885,-0.05074959413921683,-0.12965415230487884
wikipedia_en,-0.008469302147893525,0.0817677074331262,-0.007969084026555948,-0.02035927285004701
pubmed_abstracts,-0.006606876009037629,0.0644107434628414,-0.006216657423439865,-0.015882204815172666
arxiv,-0.004582839739630106,0.1135785580701778,-0.004312165787406176,-0.011016643763308647
github,-0.002223785971737431,0.1129185647288639,-0.0020924436224370193,-0.0053457374135565516
pubmed_central,-0.0016749083284642466,0.1073108840898653,-0.0015759840625865168,-0.004026295798940299
freelaw,0.0018803426854345265,0.0921316388508371,0.0017692849537402034,0.004520137446492353
uspto_backgrounds,0.0021254888012702524,0.0794024211617096,0.0019999521281737678,0.00510944180395587
pile_cc,0.005436380248311718,0.1124761148485512,0.005115294063499719,0.013068461469344669
gutenberg_pg_19,0.009126011791627609,0.0396620565692257,0.008587006759808318,0.021937930759112725
hackernews,0.014036410544374586,0.0079744991389406,0.01320738510754136,0.033741990440059544
europarl,0.03000217080149189,0.0077054491975309,0.0282301677187935,0.07212192584169523
nih_exporter,0.05038720241430273,0.0007662598067686,0.04741120849048132,0.12112530456343255
philpapers,0.05778432098674708,0.0006242799383911,0.054371434779357804,0.13890716577120654
enron_emails,0.14675475447933692,7.031720389809597e-06,0.13808705243008726,0.35278232330270637
