L_ctx,log10C,Q,N_numeric,N_closed,rel_err
2048,19,0.6624116679870492,241368073.62874946,241368052.8504381,8.608559065592658e-08
2048,19,1.0,221339515.49550176,221339518.4503289,1.3349749528046573e-08
2048,22,0.6624116679870492,5464098909.780438,5464098209.923749,1.2808274352238413e-07
2048,22,1.0,5010691908.892343,5010691565.2969,6.857245926639166e-08
2048,24,0.6624116679870492,43726460739.18357,43726458373.01051,5.411307357761075e-08
2048,24,1.0,40098076111.97049,40098070666.4508,1.358050301103475e-07
4096,19,0.6624116679870492,234709297.34688243,234709285.09219396,5.22122014512405e-08
4096,19,1.0,215233314.02064162,215233290.09211448,1.1117484266520705e-07
4096,22,0.6624116679870492,5313357541.452091,5313356798.380503,1.3984974400749195e-07
4096,22,1.0,4872458987.03485,4872458559.530477,8.773894499825019e-08
4096,24,0.6624116679870492,42520154741.2526,42520149883.72247,1.1424066337362149e-07
4096,24,1.0,38991865603.80049,38991860722.88795,1.2517772818299022e-07
8192,19,0.6624116679870492,222987125.52224663,222987114.83705515,4.791842567186677e-08
8192,19,1.0,204483830.79833764,204483816.46118248,7.01138869185769e-08
8192,22,0.6624116679870492,5047990568.915073,5047989908.474761,1.308323360760255e-07
8192,22,1.0,4629112322.490277,4629111608.967828,1.5413809606457107e-07
8192,24,0.6624116679870492,40396559051.30643,40396550742.70326,2.0567605441002001e-07
8192,24,1.0,37044480990.25586,37044476196.62681,1.2940199312083678e-07
32768,19,0.6624116679870492,178171052.09547165,178171037.4280654,8.232205672698001e-08
32768,19,1.0,163386559.31292227,163386542.50386614,1.0287907370454263e-07
32768,22,0.6624116679870492,4033442692.513164,4033442020.076279,1.6671539637691524e-07
32768,22,1.0,3698750682.029271,3698750119.9017315,1.519777008684997e-07
32768,24,0.6624116679870492,32277632646.437355,32277628954.490932,1.1438096736426928e-07
32768,24,1.0,29599258509.293182,29599256260.862064,7.59624194657249e-08
131072,19,0.6624116679870492,116412662.14375639,116412652.43953103,8.336057266689068e-08
131072,19,1.0,106752824.3929264,106752820.55018878,3.599659104125408e-08
131072,22,0.6624116679870492,2635354068.920408,2635353595.0404563,1.7981645883402564e-07
131072,22,1.0,2416674268.510223,2416673991.3754864,1.1467609506432552e-07
131072,24,0.6624116679870492,21089426070.56909,21089423148.071163,1.3857647540582718e-07
131072,24,1.0,19339440606.433273,19339439121.55489,7.677980606857204e-08
