g,log10C,L_ctx,Q0,L_profile,L_grid,L_slsqp,gap_grid,gap_slsqp,state_profile,state_slsqp,Q_profile,Q_slsqp,N_profile,N_slsqp,grid_bound,slsqp_success,state_disagree
指数型,19,8192,0.6624116679870492,3.011079638825266,3.011081383267982,3.011079638823425,1.744442716056227e-06,-1.8411938640383596e-12,INTERIOR,INTERIOR,0.6634666315245896,0.6634650611197875,223425220.89901432,223424529.46085218,False,True,False
指数型,19,32768,0.6624116679870492,3.107791796042495,3.107804368029,3.1077917959979566,1.2571986505172106e-05,-4.453815094507263e-11,INTERIOR,INTERIOR,0.7118894578976973,0.7118820068658056,191205035.9863442,191202874.97848928,False,True,False
指数型,22,8192,0.6624116679870492,2.1144827843902165,2.1144914426063637,2.1144827843902165,8.658216147150455e-06,0.0,UPPER,UPPER,1.0,1.0,5114420321.0778475,5114419603.092706,False,True,False
指数型,22,32768,0.6624116679870492,2.1466703344304685,2.1466708395606116,2.1466703344304685,5.051301430469834e-07,0.0,UPPER,UPPER,1.0,1.0,3999971361.151318,3999971218.492052,False,True,False
指数型,24,8192,0.6624116679870492,1.8968082434607283,1.896808244790772,1.896808243460728,1.3300436307872587e-09,-2.220446049250313e-16,UPPER,UPPER,1.0,1.0,37569977619.49347,37569976519.880936,False,True,False
指数型,24,32768,0.6624116679870492,1.9130949384366855,1.9130949907481252,1.9130949384366855,5.231143962447504e-08,0.0,UPPER,UPPER,1.0,1.0,29919991883.11275,29919985249.140404,False,True,False
幂函数型,19,8192,0.6624116679870492,3.0110804543069367,3.011081383267982,3.011080454306936,9.289610454210617e-07,-8.881784197001252e-16,LOWER,LOWER,0.6624116679870492,0.6624116679870492,222987125.52224663,222987114.83705488,False,True,False
幂函数型,19,32768,0.6624116679870492,3.109693403396017,3.109693640844287,3.1096934033960166,2.3744826993521428e-07,-4.440892098500626e-16,LOWER,LOWER,0.6624116679870492,0.6624116679870492,178171052.09547165,178171037.42806563,False,True,False
幂函数型,22,8192,0.6624116679870492,2.11532629917274,2.115338739146339,2.1153262991727395,1.243997359923199e-05,-4.440892098500626e-16,UPPER,UPPER,1.0,1.0,5181834692.468206,5181834498.642679,False,True,False
幂函数型,22,32768,0.6624116679870492,2.147384976615329,2.147390305795397,2.147384976615329,5.329180068347483e-06,0.0,UPPER,UPPER,1.0,1.0,4042607017.3452225,4042606394.6675477,False,True,False
幂函数型,24,8192,0.6624116679870492,1.8968669663627855,1.8968669963302358,1.8968669663627853,2.996745029903991e-08,-2.220446049250313e-16,UPPER,UPPER,1.0,1.0,37649108513.26003,37649104735.26026,False,True,False
幂函数型,24,32768,0.6624116679870492,1.9131434317218863,1.9131435886519181,1.9131434317218863,1.5693003185823784e-07,0.0,UPPER,UPPER,1.0,1.0,29968455900.102238,29968453412.209087,False,True,False
对数型,19,8192,0.6624116679870492,2.9665870170634383,2.966602114062588,2.9665870170634383,1.5096999149477597e-05,0.0,UPPER,UPPER,1.0,1.0,286123294.3037509,286123295.1535738,False,True,False
对数型,19,32768,0.6624116679870492,3.052926908280056,3.0529573196914734,3.0529269082800554,3.041141141757464e-05,-4.440892098500626e-16,UPPER,UPPER,1.0,1.0,215784741.5172826,215784722.10770807,False,True,False
对数型,22,8192,0.6624116679870492,2.109855626293203,2.1098556664641883,2.1098556262932027,4.017098520492368e-08,-4.440892098500626e-16,UPPER,UPPER,1.0,1.0,4738187584.824841,4738187176.167023,False,True,False
对数型,22,32768,0.6624116679870492,2.142796474855552,2.1427965518707492,2.142796474855552,7.701519733060991e-08,0.0,UPPER,UPPER,1.0,1.0,3765453816.8327417,3765453559.64951,False,True,False
对数型,24,8192,0.6624116679870492,1.8965017751854565,1.8965030663560412,1.8965017751854565,1.2911705846718746e-06,0.0,UPPER,UPPER,1.0,1.0,37155634723.9863,37155631848.4588,False,True,False
对数型,24,32768,0.6624116679870492,1.9128423764088023,1.9128427949929385,1.9128423764088023,4.1858413624140667e-07,0.0,UPPER,UPPER,1.0,1.0,29666935509.42431,29666932958.47981,False,True,False
