g,L_ctx,log10C,N_mstar,Q_mstar,L_mstar,N_m1,Q_m1,L_m1,N_htot,Q_htot,L_htot,htot_scale
指数型,2048,19.0,241368073.62874946,0.6624116679870492,2.9780253858243046,241368073.62874946,0.6624116679870492,3.1141576824211876,241368073.62874946,0.6624116679870492,2.8997915380169963,0.9311640044387456
指数型,2048,20.0,884941171.961825,0.9115940555541084,2.5868605883080793,858915243.889145,0.8916552446945936,2.6851529250344193,858915243.889145,0.8916552446945936,2.5003177502054608,0.9311640044387456
指数型,2048,21.0,2274404921.751017,1.0,2.2931006717056555,2274404757.38677,1.0,2.3608890343757474,2274404757.38677,1.0,2.198374887284844,0.9311640044387456
指数型,2048,22.0,5584387413.668086,1.0,2.1037502442178453,5584387120.146963,1.0,2.150252128884376,5584387120.146963,1.0,2.002237382884913,0.9311640044387456
指数型,2048,23.0,14784709165.742485,1.0,1.977762963998086,14784708148.544601,1.0,2.010101556272268,14784708148.544601,1.0,1.8717342144670395,0.9311640044387456
指数型,2048,24.0,40723507924.78446,1.0,1.8913534498363551,40723508137.96894,1.0,1.9139780200884824,40723508137.96894,1.0,1.7822274375933331,0.9311640044387456
指数型,2048,25.0,114063455471.42456,1.0,1.8312291615468819,114063455860.36906,1.0,1.8470946536330197,114063455860.36906,1.0,1.7199480542543204,0.9311640044387456
指数型,4096,19.0,234709297.34688243,0.6624116679870492,2.9895983417782475,234709297.04751548,0.6624116679870492,3.1270316519277177,234709297.04751548,0.6624116679870492,2.9117793150157194,0.9311640044387456
指数型,4096,20.0,859380267.4577664,0.915645115538264,2.593971584163064,834444809.977411,0.8958118010325031,2.6931684089563728,834444880.7280444,0.8958118010325031,2.5077814803117415,0.9311640044387456
指数型,4096,21.0,2198030976.9804597,1.0,2.2981980947371508,2198031046.3767233,1.0,2.3665595017075614,2198031046.3767233,1.0,2.2036550223525753,0.9311640044387456
指数型,4096,22.0,5413271704.151302,1.0,2.107504199690167,5413271624.704298,1.0,2.1544280981416586,5413271624.704298,1.0,2.0061258951409378,0.9311640044387456
指数型,4096,23.0,14357727300.331648,1.0,1.9804581556743568,14357728334.252884,1.0,2.0130997371685444,14357728334.252884,1.0,1.874526012596448,0.9311640044387456
指数型,4096,24.0,39580009654.62109,1.0,1.893262940017645,39580007772.603516,1.0,1.9161021721603277,39580007772.603516,1.0,1.7842053715425894,0.9311640044387456
指数型,4096,25.0,110896318016.79407,1.0,1.8325744364009122,110896314183.88771,1.0,1.848591162175661,110896314183.88771,1.0,1.7213415491415631,0.9311640044387456
指数型,8192,19.0,223425220.89901432,0.6634666315245896,3.011079638825266,222987136.33225676,0.6624116679870492,3.1509287498455545,222987136.33225676,0.6624116679870492,2.934031432407357,0.9311640044387456
指数型,8192,20.0,814334780.7962722,0.9230298603010473,2.6071683932748675,791251917.9212948,0.9033653399612928,2.7080403736959022,791251917.9212948,0.9033653399612928,2.5216297185524734,0.9311640044387456
指数型,8192,21.0,2065353797.6197326,1.0,2.3076879348831896,2065353811.7762637,1.0,2.377116174795073,2065353811.7762637,1.0,2.2134850163382933,0.9311640044387456
指数型,8192,22.0,5114420321.0778475,1.0,2.1144827843902165,5114420336.646382,1.0,2.1621912043856226,5114420336.646382,1.0,2.0133546202379504,0.9311640044387456
指数型,8192,23.0,13608865065.231508,1.0,1.9854641948406024,13608864542.149166,1.0,2.018668547404341,13608864542.149166,1.0,1.8797114882355717,0.9311640044387456
指数型,8192,24.0,37569977619.49347,1.0,1.8968082434607283,37569980492.544624,1.0,1.9200460330545794,37569980492.544624,1.0,1.7878777528458303,0.9311640044387456
指数型,8192,25.0,105323936288.1642,1.0,1.8350717968415091,105323941523.5122,1.0,1.8513692719591093,105323941523.5122,1.0,1.7239284249722893,0.9311640044387456
指数型,32768,19.0,191205035.9863442,0.7118894578976973,3.107791796042495,187099831.4167803,0.6972887625381372,3.2595942381565264,187099831.4167803,0.6972887625381372,3.035216823647293,0.9311640044387456
指数型,32768,20.0,642023364.3558214,0.9549952554885235,2.6677262923984832,625538634.8632119,0.9360481103542966,2.7762346740611195,625538634.8632119,0.9360481103542966,2.5851297963604476,0.9311640044387456
指数型,32768,21.0,1579348624.1882596,1.0,2.3516721510123695,1579348656.6654534,1.0,2.4260450274986693,1579348747.400386,1.0,2.2590458027543674,0.9311640044387456
指数型,32768,22.0,3999971361.151318,1.0,2.1466703344304685,3999971506.817954,1.0,2.197997228305288,3999971506.817954,1.0,2.0466959008540155,0.9311640044387456
指数型,32768,23.0,10778426414.290642,1.0,2.008489566538031,10778426414.290642,1.0,2.0442823952655886,10778426414.290642,1.0,1.9035621813791361,0.9311640044387456
指数型,32768,24.0,29919991883.11275,1.0,1.9130949384366855,29919990283.050053,1.0,1.938163652729023,29919993137.861748,1.0,1.8047482281327836,0.9311640044387456
指数型,32768,25.0,84055251411.99841,1.0,1.8465389340509342,84055250703.31277,1.0,1.8641255267438717,84055250703.31277,1.0,1.7358065902593094,0.9311640044387456
指数型,131072,19.0,130915144.83494656,0.7878679318713622,3.306276993908039,128875168.10297914,0.7744276964030964,3.4823558037877884,128875168.10297914,0.7744276964030964,3.242644375135544,0.9311640044387456
指数型,131072,20.0,399398570.5115352,1.0,2.7963371493384446,397898667.5370812,0.9968667582935048,2.9206916107812146,397898667.5370812,0.9968667582935048,2.719642896025686,0.9311640044387456
指数型,131072,21.0,966822184.2611418,1.0,2.446714986056111,966822110.0759225,1.0,2.5317724289539907,966822110.0759225,1.0,2.3574953532724074,0.9311640044387456
指数型,131072,22.0,2537326965.6577578,1.0,2.2155176675787644,2537326951.674234,1.0,2.2745842706378117,2537326951.674234,1.0,2.118010997880488,0.9311640044387456
指数型,131072,23.0,6960605295.093647,1.0,2.0574758523586603,6960605000.739176,1.0,2.0987756424880564,6960605000.739176,1.0,1.9543043316776796,0.9311640044387456
指数型,131072,24.0,19464929578.383995,1.0,1.947666307757742,19464929578.383995,1.0,1.9766214811532838,19464929578.383995,1.0,1.8405587736503364,0.9311640044387456
指数型,131072,25.0,54834727077.43144,1.0,1.8708590516600376,54834730695.03792,1.0,1.891179673820976,54834730695.03792,1.0,1.7609984381883008,0.9311640044387456
幂函数型,2048,19.0,241368073.62874946,0.6624116679870492,2.9780253858243046,241368073.62874946,0.6624116679870492,3.1141576824211876,241368073.62874946,0.6624116679870492,2.8997915380169963,0.9311640044387456
幂函数型,2048,20.0,975571331.4500558,0.9307310941250926,2.5992251648570766,910964793.2959102,0.8803882341136614,2.698998366724531,910964793.2959102,0.8803882341136614,2.5132101271328486,0.9311640044387456
幂函数型,2048,21.0,2336934289.6833143,1.0,2.2960499684143745,2336934320.6873784,1.0,2.364169886393578,2336934320.6873784,1.0,2.2014298985877385,0.9311640044387456
幂函数型,2048,22.0,5663492073.067094,1.0,2.1046431779063197,5663492073.067094,1.0,2.1512454447772673,5663492073.067094,1.0,2.0031623228894104,0.9311640044387456
幂函数型,2048,23.0,14874030390.48515,1.0,1.9780065055425666,14874031305.195242,1.0,2.010372476375109,14874031305.195242,1.0,1.871986485514884,0.9311640044387456
幂函数型,2048,24.0,40817553694.87873,1.0,1.8914162577324234,40817553297.91782,1.0,1.9140478887496932,40817553297.91782,1.0,1.782292496775691,0.9311640044387456
幂函数型,2048,25.0,114159360696.50008,1.0,1.8312449761233782,114159370629.3062,1.0,1.8471122460593958,114159370629.3062,1.0,1.7199644356885126,0.9311640044387456
幂函数型,4096,19.0,234709297.34688243,0.6624116679870492,2.9895983417782475,234709297.04751548,0.6624116679870492,3.1270316519277177,234709297.04751548,0.6624116679870492,2.9117793150157194,0.9311640044387456
幂函数型,4096,20.0,952240894.3779439,0.9402046666922061,2.606075294183912,889872274.9933035,0.8896086154317651,2.7068586131644254,889872274.9933035,0.8896086154317651,2.520529305683696,0.9311640044387456
幂函数型,4096,21.0,2257377151.314429,1.0,2.3011010156238116,2257377159.498631,1.0,2.3697887644061724,2257377159.498631,1.0,2.2066619955383984,0.9311640044387456
幂函数型,4096,22.0,5488041062.685483,1.0,2.108379445399378,5488041163.324208,1.0,2.1554017376004064,5488041163.324208,1.0,2.007032513158225,0.9311640044387456
幂函数型,4096,23.0,14441897052.241323,1.0,1.980696265244273,14441897136.135454,1.0,2.013364614642762,14441897136.135454,1.0,1.8747726569660264,0.9311640044387456
幂函数型,4096,24.0,39668493318.22974,1.0,1.8933242749755936,39668492465.07389,1.0,1.9161704022980262,39668494567.24216,1.0,1.7842689049908322,0.9311640044387456
幂函数型,4096,25.0,110986503661.44507,1.0,1.832589872960027,110986503661.44507,1.0,1.8486083340885346,110986503661.44507,1.0,1.7213575390087184,0.9311640044387456
幂函数型,8192,19.0,222987125.52224663,0.6624116679870492,3.0110804543069367,222987136.33225676,0.6624116679870492,3.1509287498455545,222987136.33225676,0.6624116679870492,2.934031432407357,0.9311640044387456
幂函数型,8192,20.0,910316133.7362747,0.9575482672493715,2.61874335012045,851803686.0790746,0.9064669327616618,2.7213887239100014,851803686.0790746,0.9064669327616618,2.5340592217904847,0.9311640044387456
幂函数型,8192,21.0,2119265442.3328984,1.0,2.3105066870005273,2119265477.9640384,1.0,2.3802518066033582,2119265477.9640384,1.0,2.2164048038093416,0.9311640044387456
幂函数型,8192,22.0,5181834692.468206,1.0,2.11532629917274,5181834511.405873,1.0,2.163129545776683,5181834511.405873,1.0,2.014228369965181,0.9311640044387456
幂函数型,8192,23.0,13684342604.11974,1.0,1.985692635394398,13684342890.450577,1.0,2.018922668886815,13684342890.450577,1.0,1.8799481170128065,0.9311640044387456
幂函数型,8192,24.0,37649108513.26003,1.0,1.8968669663627855,37649108841.679695,1.0,1.9201113574931605,37649108841.679695,1.0,1.7879385806116472,0.9311640044387456
幂函数型,8192,25.0,105404498554.80525,1.0,1.8350865640446163,105404501287.94028,1.0,1.8513856992680229,105404501287.94028,1.0,1.7239437214910394,0.9311640044387456
幂函数型,32768,19.0,178171052.09547165,0.6624116679870492,3.109693403396017,178171057.4345446,0.6624116679870492,3.2606276119663664,178171057.4345446,0.6624116679870492,3.036179064142146,0.9311640044387456
幂函数型,32768,20.0,712401647.9548892,1.0,2.6764769742311643,695926655.8655698,0.9797868986207247,2.787263441379713,695926655.8655698,0.9797868986207247,2.5953993875008523,0.9311640044387456
幂函数型,32768,21.0,1614561280.3761857,1.0,2.3541354634499547,1614561336.9992332,1.0,2.4287852616560217,1614561336.9992332,1.0,2.2615974101654275,0.9311640044387456
幂函数型,32768,22.0,4042607017.3452225,1.0,2.147384976615329,4042606856.125496,1.0,2.198792209443433,4042606856.125496,1.0,2.047436158674064,0.9311640044387456
幂函数型,32768,23.0,10825134403.363644,1.0,2.0086796992537006,10825133921.041437,1.0,2.0444939024028717,10825133921.041437,1.0,1.903759129212056,0.9311640044387456
幂函数型,32768,24.0,29968455900.102238,1.0,1.9131434317218863,29968453442.606186,1.0,1.9382175975532692,29968453442.606186,1.0,1.804798459611347,0.9311640044387456
幂函数型,32768,25.0,84104385219.11223,1.0,1.8465510918296615,84104380582.89354,1.0,1.86413905128101,84104380582.89354,1.0,1.7358191838214694,0.9311640044387456
幂函数型,131072,19.0,119803005.53227223,0.6817175007240398,3.3185159808985523,116412657.91272387,0.6624116679870492,3.4931703598250134,116412657.91272387,0.6624116679870492,3.2527145004413933,0.9311640044387456
幂函数型,131072,20.0,411283808.6838259,1.0,2.8023650601307377,411283786.15198743,1.0,2.9274041264091166,411283786.15198743,1.0,2.7258933489576207,0.9311640044387456
幂函数型,131072,21.0,982142937.167575,1.0,2.448575771596574,982142928.2997166,1.0,2.5338424010856966,982142928.2997166,1.0,2.3594228368116434,0.9311640044387456
幂函数型,131072,22.0,2554879202.58842,1.0,2.216031455879768,2554879253.4303327,1.0,2.2751558182135785,2554879253.4303327,1.0,2.1185432024098665,0.9311640044387456
幂函数型,131072,23.0,6979224242.6322565,1.0,2.0576091229668854,6979224540.953021,1.0,2.0989238951689817,6979224540.953021,1.0,1.9544423792377188,0.9311640044387456
幂函数型,131072,24.0,19483977302.67477,1.0,1.9476999415573357,19483975862.74632,1.0,1.9766588960118627,19483975862.74632,1.0,1.8405936130198761,0.9311640044387456
幂函数型,131072,25.0,54853937491.601265,1.0,1.8708674505687874,54853932945.71243,1.0,1.8911890169218708,54853932945.71243,1.0,1.7610071381475438,0.9311640044387456
对数型,2048,19.0,316657711.92821485,1.0,2.9380454067968667,316657711.92821485,1.0,3.0783374447909284,316657711.92821485,1.0,2.8664370221052566,0.9311640044387456
对数型,2048,20.0,739896365.3468493,1.0,2.5367996299973763,739896365.3468493,1.0,2.63198424724155,739896365.3468493,1.0,2.4508089912811393,0.9311640044387456
对数型,2048,21.0,1895961308.3174272,1.0,2.2756722619322516,1895961453.9920666,1.0,2.341501350117461,1895961453.9920666,1.0,2.180321773574104,0.9311640044387456
对数型,2048,22.0,5140404274.490829,1.0,2.098828748254118,5140404331.901865,1.0,2.1447773660652936,5140404331.901865,1.0,1.997139480814944,0.9311640044387456
对数型,2048,23.0,14306289368.74635,1.0,1.976470138984622,14306288409.619701,1.0,2.008663393898985,14306288409.619701,1.0,1.8703950494325001,0.9311640044387456
对数型,2048,24.0,40230500918.25083,1.0,1.8910253803209083,40230500918.25083,1.0,1.9136130695127873,40230500918.25083,1.0,1.7818876087538467,0.9311640044387456
对数型,2048,25.0,113564908102.98596,1.0,1.831147064761294,113564912983.73558,1.0,1.8470033276555902,113564912983.73558,1.0,1.7198630147914677,0.9311640044387456
对数型,4096,19.0,305485419.84805995,1.0,2.9480135792218976,305485419.84805995,1.0,3.0894262235218246,305485419.84805995,1.0,2.8767624937126532,0.9311640044387456
对数型,4096,20.0,716238875.724478,1.0,2.544264885110236,716238875.2929906,1.0,2.640288734622639,716238875.2929906,1.0,2.458541831005725,0.9311640044387456
对数型,4096,21.0,1839832879.1895874,1.0,2.2810912647917516,1839832929.891621,1.0,2.3475295487770462,1839832929.891621,1.0,2.185935015177516,0.9311640044387456
对数型,4096,22.0,4994473857.121445,1.0,2.1026884111110693,4994473857.121445,1.0,2.14907092616555,4994473857.121445,1.0,2.0011374894311973,0.9311640044387456
对数型,4096,23.0,13907370947.693441,1.0,1.9791951650655408,13907370947.693441,1.0,2.0116947631368762,13907370947.693441,1.0,1.8732177513509876,0.9311640044387456
对数型,4096,24.0,39116349380.31787,1.0,1.8929426643949046,39116351300.8602,1.0,1.9157458916545305,39116351300.8602,1.0,1.7838736159601079,0.9311640044387456
对数型,4096,25.0,110427612691.46973,1.0,1.8324943112239789,110427618637.65797,1.0,1.8485020294520382,110427618637.65797,1.0,1.721258551957708,0.9311640044387456
对数型,8192,19.0,286123294.3037509,1.0,2.9665870170634383,286123279.198941,1.0,3.110087658107338,286123279.198941,1.0,2.896001677878749,0.9311640044387456
对数型,8192,20.0,675030300.6925309,1.0,2.55815185680847,675030282.3780556,1.0,2.6557368578931855,675030282.3780556,1.0,2.4729265673313905,0.9311640044387456
对数型,8192,21.0,1741572768.2567747,1.0,2.291160052474055,1741572821.0239758,1.0,2.3587302537745916,1741572821.0239758,1.0,2.196364708495567,0.9311640044387456
对数型,8192,22.0,4738187584.824841,1.0,2.109855626293203,4738187402.328812,1.0,2.157043868434469,4738187402.328812,1.0,2.008561606281483,0.9311640044387456
对数型,8192,23.0,13205748885.917986,1.0,1.9842541754531011,13205749680.575432,1.0,2.0173224995355863,13205749680.575432,1.0,1.878458096911936,0.9311640044387456
对数型,8192,24.0,37155634723.9863,1.0,1.8965017751854565,37155635371.671326,1.0,1.9197051120965918,37155637254.725136,1.0,1.7875602995213933,0.9311640044387456
对数型,8192,25.0,104905353767.10068,1.0,1.8349951614776399,104905345114.55255,1.0,1.8512840213678594,104905360518.94862,1.0,1.7238490426903605,0.9311640044387456
对数型,32768,19.0,215784741.5172826,1.0,3.052926908280056,215784733.42519888,1.0,3.2061337444437457,215784733.42519888,1.0,2.985436336242428,0.9311640044387456
对数型,32768,20.0,522695778.63794345,1.0,2.622342665300376,522695778.63794345,1.0,2.7271438963726453,522695778.63794345,1.0,2.5394182312270357,0.9311640044387456
对数型,32768,21.0,1372338078.9972126,1.0,2.337524011240477,1372338114.7156029,1.0,2.4103063760493466,1372338114.7156029,1.0,2.2443905370463506,0.9311640044387456
对数型,32768,22.0,3765453816.8327417,1.0,2.142796474855552,3765453816.8327417,1.0,2.193687875514304,3765453816.8327417,1.0,2.042683186652624,0.9311640044387456
对数型,32768,23.0,10530700736.138653,1.0,2.0074877745545927,10530700164.284962,1.0,2.043167983398992,10530700164.284962,1.0,1.902524481162842,0.9311640044387456
对数型,32768,24.0,29666935509.42431,1.0,1.9128423764088023,29666937478.370506,1.0,1.9378826980741868,29666939574.15551,1.0,1.8044866132713204,0.9311640044387456
对数型,32768,25.0,83800215657.10268,1.0,1.846475887847395,83800213967.90935,1.0,1.8640553929850383,83800213967.90935,1.0,1.7357412842275879,0.9311640044387456
对数型,131072,19.0,128932927.25296663,1.0,3.24073610404959,128932936.33790182,1.0,3.41505615536497,128932936.33790182,1.0,3.1799773650128325,0.9311640044387456
对数型,131072,20.0,326565126.09661824,1.0,2.7602516282883824,326565111.6886586,1.0,2.8805563686269666,326565111.6886586,1.0,2.6822704032222178,0.9311640044387456
对数型,131072,21.0,880000180.3227948,1.0,2.436374517814326,880000137.8286877,1.0,2.5202695014946817,880000137.8286877,1.0,2.346784241276629,0.9311640044387456
对数型,131072,22.0,2442840177.283434,1.0,2.212779628804368,2442840251.3767347,1.0,2.2715384258398577,2442840251.3767347,1.0,2.1151748168415265,0.9311640044387456
对数型,131072,23.0,6862790860.211516,1.0,2.0567786469823783,6862791159.298533,1.0,2.098000058377155,6862791159.298533,1.0,1.9535821356711935,0.9311640044387456
对数型,131072,24.0,19365835634.70744,1.0,1.9474916071714887,19365836860.112938,1.0,1.9764271410011958,19365836860.112938,1.0,1.8403778110960947,0.9311640044387456
对数型,131072,25.0,54735174048.140656,1.0,1.8708155401053845,54735174048.140656,1.0,1.8911312707656098,54735174048.140656,1.0,1.760953367005439,0.9311640044387456
