scenario,g,L_ctx,Q0,m,log10C,N_opt,D_opt,Q_opt,L_opt,state
m=1,指数型,2048,0.6623836418229694,1.0,19.0,241370215.87357366,6463762543.00013,0.6623836418229694,3.1141680681983708,LOWER
m=1,指数型,2048,0.6623836418229694,1.0,20.0,858940430.7911884,14125437629.063297,0.8916673510699453,2.685155018770855,INTERIOR
m=1,指数型,2048,0.6623836418229694,1.0,21.0,2274415497.2859697,55308963697.44722,1.0,2.3608895930435865,UPPER
m=1,指数型,2048,0.6623836418229694,1.0,22.0,5584400368.286191,254479274190.50607,1.0,2.1502522965368547,UPPER
m=1,指数型,2048,0.6623836418229694,1.0,23.0,14784724723.72545,1017642563934.7534,1.0,2.010101601751013,UPPER
m=1,指数型,2048,0.6623836418229694,1.0,24.0,40723521304.40566,3780380452595.958,1.0,1.9139780317879296,UPPER
m=1,指数型,2048,0.6623836418229694,1.0,25.0,114063474049.63419,13612787494951.207,1.0,1.8470946565759645,UPPER
m=1,幂函数型,2048,0.6623836418229694,1.0,19.0,241370215.87357366,6463762543.00013,0.6623836418229694,3.1141680681983708,LOWER
m=1,幂函数型,2048,0.6623836418229694,1.0,20.0,910995469.170593,12689511901.50769,0.880399405115787,2.699001895586894,INTERIOR
m=1,幂函数型,2048,0.6623836418229694,1.0,21.0,2336953150.455166,52586139166.68478,1.0,2.3641708671257393,UPPER
m=1,幂函数型,2048,0.6623836418229694,1.0,22.0,5663515758.70554,247903027771.6651,1.0,2.151245744282834,UPPER
m=1,幂函数型,2048,0.6623836418229694,1.0,23.0,14874058778.01346,1006296901191.3209,1.0,2.010372558501767,UPPER
m=1,幂函数型,2048,0.6623836418229694,1.0,24.0,40817582687.4169,3764183523286.4575,1.0,1.9140479099823344,UPPER
m=1,幂函数型,2048,0.6623836418229694,1.0,25.0,114159393975.53448,13591507929061.143,1.0,1.8471122514108753,UPPER
m=1,对数型,2048,0.6623836418229694,1.0,19.0,316665184.8281199,3619348363.2752094,1.0,3.0783438895039814,UPPER
m=1,对数型,2048,0.6623836418229694,1.0,20.0,739906364.0869826,18262388663.18715,1.0,2.6319863140881115,UPPER
m=1,对数型,2048,0.6623836418229694,1.0,21.0,1895973223.3182368,77605641837.53204,1.0,2.341501935861446,UPPER
m=1,对数型,2048,0.6623836418229694,1.0,22.0,5140417159.234101,296901104082.95544,1.0,2.1447775199743173,UPPER
m=1,对数型,2048,0.6623836418229694,1.0,23.0,14306302588.776804,1081889185650.2146,1.0,2.0086634329466233,UPPER
m=1,对数型,2048,0.6623836418229694,1.0,24.0,40230515841.59248,3867054600068.902,1.0,1.9136130792828412,UPPER
m=1,对数型,2048,0.6623836418229694,1.0,25.0,113564924709.19893,13724217859382.928,1.0,1.8470033300876527,UPPER
无地板,指数型,2048,0.6623836418229694,0.8989420944011046,19.0,228876412.653666,6816603520.95907,0.6623836418229694,2.9548149662784766,LOWER
无地板,指数型,2048,0.6623836418229694,0.8989420944011046,20.0,744665752.2949835,18329938469.999523,0.7999412067577233,2.568973131766307,INTERIOR
无地板,指数型,2048,0.6623836418229694,0.8989420944011046,21.0,2153330521.4111447,61453768447.85024,0.9507713147733117,2.2923373478979077,INTERIOR
无地板,指数型,2048,0.6623836418229694,0.8989420944011046,22.0,5584400418.175935,254479272119.66376,1.0,2.103750293329233,UPPER
无地板,指数型,2048,0.6623836418229694,0.8989420944011046,23.0,14784724033.848772,1017642609727.104,1.0,1.9777629342266791,UPPER
无地板,指数型,2048,0.6623836418229694,0.8989420944011046,24.0,40723525201.408516,3780380095625.211,1.0,1.8913534109227537,UPPER
无地板,指数型,2048,0.6623836418229694,0.8989420944011046,25.0,114063464590.99815,13612788618400.842,1.0,1.8312291295290946,UPPER
无地板,幂函数型,2048,0.6623836418229694,0.8989420944011046,19.0,228876412.653666,6816603520.95907,0.6623836418229694,2.9548149662784766,LOWER
无地板,幂函数型,2048,0.6623836418229694,0.8989420944011046,20.0,706976432.1928779,20338468985.100655,0.720559160541349,2.5768998951398108,INTERIOR
无地板,幂函数型,2048,0.6623836418229694,0.8989420944011046,21.0,2309827421.3599133,53789872641.97816,0.9871705783892728,2.2960273688974193,INTERIOR
无地板,幂函数型,2048,0.6623836418229694,0.8989420944011046,22.0,5663516027.397869,247903017187.66492,1.0,2.1046433453266826,UPPER
无地板,幂函数型,2048,0.6623836418229694,0.8989420944011046,23.0,14874058129.867237,1006296943259.742,1.0,1.978006508655694,UPPER
无地板,幂函数型,2048,0.6623836418229694,0.8989420944011046,24.0,40817582129.774025,3764183573930.535,1.0,1.8914162273731852,UPPER
无地板,幂函数型,2048,0.6623836418229694,0.8989420944011046,25.0,114159398103.72835,13591507440266.674,1.0,1.8312449462668403,UPPER
无地板,对数型,2048,0.6623836418229694,0.8989420944011046,19.0,316665184.8281199,3619348363.2752094,1.0,2.93805089370716,UPPER
无地板,对数型,2048,0.6623836418229694,0.8989420944011046,20.0,739906331.067873,18262389369.035603,1.0,2.5368012800110185,UPPER
无地板,对数型,2048,0.6623836418229694,0.8989420944011046,21.0,1895973223.3182368,77605641837.53204,1.0,2.2756726446571376,UPPER
无地板,对数型,2048,0.6623836418229694,0.8989420944011046,22.0,5140417159.234101,296901104082.95544,1.0,2.098828786219728,UPPER
无地板,对数型,2048,0.6623836418229694,0.8989420944011046,23.0,14306301458.614557,1081889270438.7858,1.0,1.9764701037495584,UPPER
无地板,对数型,2048,0.6623836418229694,0.8989420944011046,24.0,40230515791.04839,3867054604913.5464,1.0,1.8910253397534726,UPPER
无地板,对数型,2048,0.6623836418229694,0.8989420944011046,25.0,113564930043.17302,13724217215425.709,1.0,1.8311470323044177,UPPER
H_tot,指数型,2048,0.6623836418229694,1.0,19.0,241370215.87357366,6463762543.00013,0.6623836418229694,2.8998012088788676,LOWER
H_tot,指数型,2048,0.6623836418229694,1.0,20.0,858940430.7911884,14125437629.063297,0.8916673510699453,2.5003196998174646,INTERIOR
H_tot,指数型,2048,0.6623836418229694,1.0,21.0,2274415497.2859697,55308963697.44722,1.0,2.1983754074962265,UPPER
H_tot,指数型,2048,0.6623836418229694,1.0,22.0,5584400368.286191,254479274190.50607,1.0,2.0022375389968667,UPPER
H_tot,指数型,2048,0.6623836418229694,1.0,23.0,14784724723.72545,1017642563934.7534,1.0,1.87173425681521,UPPER
H_tot,指数型,2048,0.6623836418229694,1.0,24.0,40723521304.40566,3780380452595.958,1.0,1.7822274484874372,UPPER
H_tot,指数型,2048,0.6623836418229694,1.0,25.0,114063485088.21686,13612786183843.621,1.0,1.7199480569946846,UPPER
H_tot,幂函数型,2048,0.6623836418229694,1.0,19.0,241370215.87357366,6463762543.00013,0.6623836418229694,2.8998012088788676,LOWER
H_tot,幂函数型,2048,0.6623836418229694,1.0,20.0,910995469.170593,12689511901.50769,0.880399405115787,2.5132134130824575,INTERIOR
H_tot,幂函数型,2048,0.6623836418229694,1.0,21.0,2336953150.455166,52586139166.68478,1.0,2.201430811810225,UPPER
H_tot,幂函数型,2048,0.6623836418229694,1.0,22.0,5663515758.70554,247903027771.6651,1.0,2.003162601778213,UPPER
H_tot,幂函数型,2048,0.6623836418229694,1.0,23.0,14874058778.01346,1006296901191.3209,1.0,1.8719865619882716,UPPER
H_tot,幂函数型,2048,0.6623836418229694,1.0,24.0,40817582687.4169,3764183523286.4575,1.0,1.7822925165467622,UPPER
H_tot,幂函数型,2048,0.6623836418229694,1.0,25.0,114159393975.53448,13591507929061.143,1.0,1.7199644406716177,UPPER
H_tot,对数型,2048,0.6623836418229694,1.0,19.0,316665184.8281199,3619348363.2752094,1.0,2.8664430231900706,UPPER
H_tot,对数型,2048,0.6623836418229694,1.0,20.0,739906364.0869826,18262388663.18715,1.0,2.4508109158542597,UPPER
H_tot,对数型,2048,0.6623836418229694,1.0,21.0,1895973223.3182368,77605641837.53204,1.0,2.180322318997819,UPPER
H_tot,对数型,2048,0.6623836418229694,1.0,22.0,5140417159.234101,296901104082.95544,1.0,1.997139624129487,UPPER
H_tot,对数型,2048,0.6623836418229694,1.0,23.0,14306302588.776804,1081889185650.2146,1.0,1.8703950857922556,UPPER
H_tot,对数型,2048,0.6623836418229694,1.0,24.0,40230515841.59248,3867054600068.902,1.0,1.7818876178513692,UPPER
H_tot,对数型,2048,0.6623836418229694,1.0,25.0,113564924709.19893,13724217859382.928,1.0,1.7198630170561169,UPPER
