Q0,leave_指数型,leave_幂函数型,leave_对数型,full_指数型,full_幂函数型,full_对数型
0.6,18.58225013543006,19.148224808683608,18.332291381965206,20.254170231285116,19.971793065943984,18.332291381965206
0.605,18.608822218273872,19.17021486744443,18.33331666965705,20.255237998906978,19.97397225757004,18.33331666965705
0.61,18.63538234391899,19.19202811675632,18.33437426223145,20.25633910964234,19.976210477973382,18.33437426223145
0.615,18.661930533174655,19.213667599100063,18.335464182108353,20.25747464602182,19.978508984562268,18.335464182108353
0.62,18.688466807640452,19.235136281663017,18.33658645935111,20.258645728002648,19.980869060536406,18.33658645935111
0.625,18.714991189236116,19.256437059070322,18.337741131646453,20.259853514249244,19.98329201590741,18.337741131646453
0.63,18.74150370070174,19.277572755625897,18.33892824442455,20.261099203683898,19.985779188739343,18.33892824442455
0.635,18.768004365107572,19.298546127443387,18.34014785078898,20.262384037067477,19.988331945608934,18.34014785078898
0.64,18.794493206304196,19.319359864857233,18.341400011676797,20.26370929859013,19.990951682586,18.341400011676797
0.645,18.82097024863242,19.340016594413555,18.342684795828518,20.26507631766208,19.99363982629393,18.342684795828518
0.65,18.847435516933274,19.360518880670952,18.344002279888173,20.266486470514337,19.996397835080188,18.344002279888173
0.655,18.873889036628043,19.38086922842149,18.345352548463325,20.26794118230964,19.99922719964661,18.345352548463325
0.6599999999999999,18.90033083398839,19.401070084471485,18.346735694215113,20.269441928833203,20.00212944465011,18.346735694215113
0.665,18.926760935295988,19.42112383909216,18.348151817938287,20.27099023884375,20.00510612959306,18.348151817938287
0.6699999999999999,18.953179367812936,19.441032828230618,18.34960102867126,20.272587695934362,20.008158849973825,18.34960102867126
0.6749999999999999,18.979586159191513,19.46079933488045,18.351083443776133,20.27423594095353,20.011289238677364,18.351083443776133
0.6799999999999999,19.00598133772428,19.48042559054238,18.352599189078774,20.275936674156128,20.01449896740587,18.352599189078774
0.6849999999999999,19.032364932174005,19.499913777165148,18.354148398988855,20.277691658014646,20.01778974759918,18.354148398988855
0.69,19.058736971833696,19.519266028155926,18.35573121662992,20.279502719640277,20.021163332535707,18.35573121662992
0.695,19.085097486626637,19.53848443015113,18.357347793999452,20.281371753334042,20.024621518252843,18.357347793999452
0.7,19.111446506926313,19.55757102403686,18.35899829209893,20.283300723608136,20.028166145457817,18.35899829209893
0.705,19.13778406373649,19.576527806719696,18.360682881133926,20.28529166846738,20.031799101188426,18.360682881133926
0.71,19.16411018851113,19.595356731987067,18.36240174065415,20.287346702000377,20.03552232035372,18.36240174065415
0.715,19.190424913294464,19.61405971200793,18.364155059793575,20.28946801832126,20.03933778777491,18.364155059793575
0.72,19.21672827050088,19.63263861819314,18.365943037450506,20.291657894500986,20.043247539846107,18.365943037450506
0.725,19.24302029346518,19.651095282746155,18.36776588249768,20.293918694779222,20.047253666755296,18.36776588249768
0.73,19.269301015492147,19.669431499403345,18.36962381402236,20.296252874085894,20.051358314605295,18.36962381402236
0.735,19.295665040903714,19.687684306368737,18.371517061586474,20.29852282870843,20.05551672930642,18.371517061586474
0.74,19.321920951394986,19.70578305139452,18.373445865466692,20.301014601992847,20.059826445881754,18.373445865466692
0.745,19.348165681492446,19.72376656428014,18.375410476954585,20.303587704975598,20.064241473802667,18.375410476954585
0.75,19.374399267052013,19.74163649518823,18.377411158646737,20.30624499927717,20.068764205091156,18.377411158646737
0.755,19.400621744469845,19.75939446075654,18.379448184744888,20.308989460288558,20.07339709994949,18.379448184744888
0.76,19.426833150562288,19.777042045308463,18.381521841406084,20.311824182533655,20.078142688881144,18.381521841406084
0.765,19.45303352266592,19.794580801483335,18.38363242710284,20.31475238583198,20.083003576932697,18.38363242710284
0.77,19.47922289873759,19.812012251476972,18.38578025297329,20.317777420831135,20.087982445494617,18.38578025297329
0.775,19.50540131702428,19.829337887241763,18.387965643231382,20.320902775669765,20.093082056253024,18.387965643231382
0.78,19.531568816383242,19.846559171757235,18.39018893561706,20.324132083090717,20.098305254911338,18.39018893561706
0.7849999999999999,19.557725436161945,19.863677539700348,18.39245048179646,20.327469126983942,20.103654974421715,18.39245048179646
0.79,19.583871216288117,19.880694397945717,18.394750647872115,20.330917850870264,20.10913423867669,18.394750647872115
0.7949999999999999,19.610006196959603,19.897611126566062,18.397089814873198,20.334482365704844,20.114746167441353,18.397089814873198
0.8,19.63619627860453,19.914444824913062,18.399468379305745,20.338066690144387,20.12046412701102,18.399468379305745
0.8049999999999999,19.662307700586553,19.931164163357153,18.40188675370291,20.341878867194737,20.1263524021565,18.40188675370291
0.8099999999999999,19.688408466017336,19.947787402375525,18.40434536724524,20.345820255531635,20.132383305535313,18.40434536724524
0.815,19.714498617565823,19.964315820665888,18.406844666400957,20.34989572848872,20.138560382941705,18.406844666400957
0.82,19.740578197870946,19.98075067261516,18.409385115606256,20.354110377066263,20.144887300193204,18.409385115606256
0.825,19.766647250472033,19.997093190160285,18.411967197995637,20.358469521086136,20.151367848252903,18.411967197995637
0.83,19.792705819038474,20.013344582187983,18.414591416182247,20.362978722637763,20.15800594930215,18.414591416182247
0.835,19.818753947909954,20.0295060360354,18.417258293088253,20.36764380023442,20.164805663683637,18.417258293088253
0.84,19.84484143711643,20.04558636592583,18.419968372785206,20.372394581451317,20.17175103215186,18.419968372785206
0.845,19.870866898244003,20.06157059869156,18.42272222152451,20.37739291396474,20.17888788427399,18.42272222152451
0.85,19.896882076356178,20.077468369210237,18.425520428627806,20.382566251586013,20.186199410487006,18.425520428627806
0.855,19.922887017563426,20.093280781431986,18.428363607657502,20.387921595123316,20.19369029487052,18.428363607657502
0.86,19.948881768876618,20.10900891990832,18.431252397487242,20.393466286846433,20.20136539785244,18.431252397487242
0.865,19.97486637740667,20.12465385040241,18.43418746361249,20.399208031746184,20.209229766223416,18.43418746361249
0.87,20.00087943272638,20.140219954299482,18.437169499391075,20.405096111654984,20.21727505934041,18.437169499391075
0.875,20.026842105847663,20.15570101120784,18.440199227483845,20.411259489449094,20.225534916308334,18.440199227483845
0.88,20.052794802879816,20.17110198591172,18.443277401415344,20.417645430155517,20.23400037458805,18.443277401415344
0.885,20.07873757317475,20.186423872032265,18.446404807134513,20.42426333819958,20.24267733105762,18.446404807134513
0.8899999999999999,20.104701974843465,20.20166889139591,18.449582264805485,20.431075529710597,20.251562282091527,18.449582264805485
0.895,20.13062333935477,20.216835086673655,18.452810630728436,20.43819034975104,20.260681830620797,18.452810630728436
0.8999999999999999,20.156563082185585,20.23192553909348,18.456090799330468,20.445526308161334,20.270024215063586,18.456090799330468
0.905,20.182463337745048,20.246939968901188,18.45942370541661,20.453181966260217,20.279612927839935,18.45942370541661
0.9099999999999999,20.208353967490893,20.26186262199235,18.46281032653087,20.461124739561,20.2894465032291,18.46281032653087
0.915,20.234258267145833,20.27665456045952,18.466251685567386,20.46933336896518,20.299527148130892,18.466251685567386
0.9199999999999999,20.260160718610223,20.29131385453593,18.469748853591682,20.47784508297127,20.30986735238048,18.469748853591682
0.925,20.28601889594802,20.30584796014182,18.473302952862014,20.486736340515108,20.320484196591224,18.473302952862014
0.9299999999999999,20.311867722754414,20.320244362030735,18.476915160190856,20.49597120504177,20.331378293505168,18.476915160190856
0.935,20.33774140464584,20.334517578858595,18.48058671060653,20.505517490151306,20.342553475243676,18.48058671060653
0.94,20.363568736358957,20.34866537365224,18.484318901244933,20.515494323893563,20.354030949962635,18.484318901244933
0.9450000000000001,20.38941522662799,20.362687361540793,18.48811309580151,20.525827601798028,20.365811156676955,18.48811309580151
0.95,20.4152469385358,20.376586121069067,18.49197072924335,20.536585120944892,20.377909550248205,18.49197072924335
0.955,20.44104144518542,20.390362619106327,18.495893313101533,20.547817813266647,20.390362619106327,18.495893313101533
0.96,20.466866902056154,20.404138604065793,18.499882441273712,20.559456382797634,20.404138604065793,18.499882441273712
0.965,20.49265559906644,20.41803236858641,18.50393979642695,20.571615423964886,20.41803236858641,18.50393979642695
0.97,20.518444991025262,20.43204884641864,18.508067157090863,20.58427119872931,20.43204884641864,18.508067157090863
0.975,20.54421557523392,20.446193353042418,18.51226640558116,20.597476171103608,20.446193353042418,18.51226640558116
0.98,20.56999622247031,20.460471629966833,18.516539536813525,20.611224642207617,20.460471629966833,18.516539536813525
0.985,20.59575114149402,20.474889896293007,18.520888668108,20.625591857528434,20.474889896293007,18.520888668108
0.99,20.621506451701407,20.48945490893084,18.525316050263882,20.640581278102673,20.48945490893084,18.525316050263882
0.995,20.64724815290674,20.504174033480467,18.529824079955233,20.65624607010477,20.504174033480467,18.529824079955233
