arxiv,freelaw,nih_exporter,pubmed_central,wikipedia_en,dm_mathematics,github,philpapers,stackexchange,enron_emails,gutenberg_pg_19,pile_cc,ubuntu_irc,europarl,hackernews,pubmed_abstracts,uspto_backgrounds
0.11301015447687181,0.08762242578388654,0.0006627692000977424,0.11222741337731934,0.07456625971095215,0.03775348518527855,0.11540942209007919,0.00033138432604034825,0.11267760118521919,1.0943898223213034e-05,0.04161566340157804,0.11439397869402802,0.03684650240339089,0.01123385130107212,0.006963408734013052,0.06151170878010112,0.07316302745184868
0.11639622812770799,0.09270324597776398,0.0022016089591344054,0.10642877024224708,0.08078019988853007,0.037565267114205304,0.10718131618633277,0.00023435518356719164,0.10662536087091905,8.055032536024891e-06,0.04490920046577653,0.11161447058704829,0.03535466307572223,0.007616703034735309,0.0071321297763670835,0.06115985001461048,0.08208857546279617
0.11234061415333962,0.09207608729343957,0.0007473424958409479,0.11257100928632549,0.08194170982388954,0.03497248913967012,0.10957618282833256,0.0005094832344669273,0.1069529923101515,1.0177021528320067e-05,0.0398695356853453,0.11554588922383814,0.03828755604650597,0.0068346537902742805,0.008421555338389933,0.0643484813346851,0.07499424099397667
0.11255924810555064,0.09573462748257527,0.0021533081221399623,0.10098822853556479,0.07680381295187783,0.03483214474172386,0.11547215380737769,0.0010130214933392009,0.10742549624341732,2.547390488991586e-06,0.044862678922011956,0.1067077304097262,0.04010456373616829,0.010117204398126793,0.00840353972684056,0.06321941511783925,0.07960027881523155
0.11148646264225125,0.0888223216813312,0.0009429467051390504,0.11012103319586142,0.08039975972335624,0.0367920604319429,0.12106785389549236,0.0002545659762701909,0.10664384160479248,1.4687406044598808e-05,0.0402658310240929,0.11488249319918532,0.04007444624150464,0.006509719402115743,0.006609448040718174,0.06276855593187826,0.07234397289802326
0.11650042639881136,0.08860156723162889,0.0006142634595511528,0.11026229172754315,0.07910234800777541,0.03397440082873487,0.1092107278645574,0.0014683672360470941,0.11031463239572471,5.286507189839685e-06,0.04504956430401808,0.11103508943792915,0.03798487488044077,0.006613231526060836,0.01054499543047496,0.060974456561429406,0.07774347620208298
0.11119115961323066,0.09793412251146465,0.0011138614465429123,0.1074502394995081,0.07307979906038192,0.038128791665446915,0.11496594301716757,0.000572540140753854,0.10489586008253277,5.914921681182138e-06,0.04584340705899483,0.10538778002779682,0.037146601208188135,0.008233011954650005,0.009444211064449157,0.0631576483164124,0.08144910841079797
0.10988471785355322,0.0944154341179946,0.0023342728732513736,0.1027972908607606,0.0830731491655058,0.03627717984729165,0.1211672944537558,0.0006752503926314254,0.10828625741114745,4.912323522904111e-06,0.04438067907551873,0.10585422743933959,0.039103712304892416,0.012003979561462721,0.004273903717735618,0.059133815003380025,0.07633392359825587
0.11501442342447486,0.09419913999852626,0.0036261059274880366,0.10810969373088954,0.0753093275174771,0.0347336368190459,0.10909497433954102,0.0012059216663223532,0.10930908499157958,2.1374685208821526e-06,0.04021098292780241,0.10865903049530845,0.03880180753895799,0.00850918809072843,0.009858789381674594,0.061789615268225836,0.0815661404134368
0.11507900930252792,0.09264152039746039,0.0007820970628496302,0.10616257899640005,0.08058665001870163,0.03646474961920639,0.11218155630848488,0.0007192289615589663,0.10858511372399292,3.906528893629891e-06,0.04212145382519468,0.10761753190269922,0.0342287420116783,0.009395610193950197,0.008646754401507778,0.06694893924450021,0.07783455750039328
0.11260209223095206,0.09491965596997307,0.000789186580898455,0.11156318240292323,0.08071896302757463,0.03805467479426146,0.10943510914518902,0.0008795561160517822,0.10318964555255825,7.061276976151999e-06,0.03962834678806595,0.1115147569221119,0.038847217008825326,0.007571214718969495,0.010333977045337372,0.06085068979848146,0.07909467062085032
0.10999492998239986,0.08984685096145766,0.0007424853593346682,0.10876767715895047,0.08079263195925697,0.03652302748803999,0.11146018619422618,0.0011470604934185656,0.10879623308036011,6.935413453457221e-06,0.044728006135870406,0.11154227967739366,0.039475978574249386,0.007779928654148116,0.010269407868517223,0.062388705409667344,0.0757376755892557
0.11178665630666726,0.09192937182534684,0.002086201953045542,0.11346274909956201,0.08089793624939348,0.03719317518900568,0.1089311665143795,0.0010177536875366998,0.10398630284007764,5.150368338136175e-06,0.039304547151692376,0.1151553482665961,0.0354220550562988,0.005071785501638825,0.009874721375305337,0.06471789141217546,0.07915718720294043
0.1129873170648882,0.09232660760044242,0.0007894442388672065,0.1103191739819558,0.0786564566833092,0.03308987522300199,0.11840049938291364,0.0009884056068870674,0.10500196655891,5.564774888932286e-06,0.04434282615091185,0.10593415964823477,0.040234220753289286,0.007531485090785156,0.008681239894929731,0.06337275384665145,0.07733800349913335
0.11021159109091516,0.09107365267744627,0.0004923785807702436,0.10919605058621172,0.0772155354670639,0.03656613201569893,0.11078410223619772,0.0012783408517978278,0.10846695453316518,6.313004115506941e-06,0.04609103617725187,0.10950067215263805,0.03904041595693578,0.008551257678081344,0.009488462715942895,0.06412807386554809,0.07790903041021958
0.11297653741328186,0.09208712698228312,0.0007976776236173004,0.10900233538046523,0.07804453634670253,0.04407239967918299,0.10409690472704095,0.0016331669907522384,0.10505594548215863,5.0001048276468575e-06,0.04070795040731093,0.10865183177699132,0.03815454282525761,0.010102666305342883,0.00857267304549853,0.0635045553334057,0.08253414957588058
0.11789405617631353,0.09429331223655188,0.0012861742837177769,0.10611521279805876,0.08412634188353443,0.03288068633215536,0.11377743514688426,0.0006321520394066674,0.09956834587040282,5.464020002354295e-06,0.04145111962625668,0.10898365374814391,0.038416053698526645,0.006397795259941457,0.008823652321765052,0.06448461146804027,0.08086393309029813
0.11014584413718459,0.09297241459551361,0.0005525525329960741,0.11173568990045515,0.07380328785782848,0.037487239121592845,0.1143448916504441,0.0004516129541432989,0.10894149805738167,9.405888942413109e-06,0.046886042378609216,0.11164745455842665,0.03491303218193578,0.00860085371871487,0.010531716461810043,0.06517989101480116,0.07179657298922018
0.11218741055354987,0.0909299508379026,0.0024576535969514247,0.11951048635798184,0.07632382159532755,0.03598224334896487,0.10879219770434302,0.001308845624368966,0.10553765295915822,5.208368829689297e-06,0.04331605630060133,0.10953686424269371,0.03608806457723055,0.004507769053636157,0.008868574421598902,0.06190159735012265,0.08274560310673872
0.11432964162563315,0.09148811972953283,0.0003103297926597517,0.10772449055623483,0.08223453083163391,0.03643393911485512,0.10886473077931759,0.0007467253922210911,0.10379091993892743,1.2778232545358975e-05,0.04438563846001091,0.11504040008116562,0.03427179106037435,0.0064439288988872145,0.00802343343081846,0.06892457444044629,0.07697402763473622
0.1098083399829819,0.09151208091937336,0.0005328429388563456,0.11119385132793176,0.08030278051866364,0.03763544159139029,0.11361814692127854,0.0013569121554231015,0.10430881490943293,5.845058806464994e-06,0.039595420489793615,0.11080257380578969,0.03893223954728086,0.009753460937070146,0.008379213013475412,0.06367002677569493,0.07859200910675701
0.11120806286800362,0.0927121889614319,0.0036126716114711277,0.11120732194801397,0.07428595765269973,0.04115526706111889,0.11144628377208353,0.00219357770708859,0.11069491492668826,1.942066785523013e-06,0.04103276807366911,0.10424154252179772,0.036519982378584996,0.007438270599666663,0.014478487444849378,0.06197593698813493,0.07579482341791209
0.11738915550969663,0.09209574344633929,0.0015784230944763814,0.1022043038183126,0.07906462738672869,0.035186450203564965,0.1184032868104263,0.0005330809566186685,0.1093839213600399,2.7852168890855997e-06,0.04255165216587743,0.10799194006258529,0.03489705674044318,0.015215266717888127,0.007049102939003227,0.06081027076484507,0.07564293280626526
0.11717692617791127,0.10027002789265019,0.0016224219247244053,0.10432735761373688,0.07918346880498912,0.03598989116659663,0.1102623645746447,0.0004786967309949069,0.10619128771754573,4.532092945935431e-06,0.04166634378226909,0.10917132635135819,0.03378854939999485,0.007087314615604092,0.009517643320672516,0.060407049812325184,0.08285479802103615
0.11149398411700163,0.0925678508020579,0.0007531822389076178,0.10929130068001897,0.07951898465556399,0.03802746507321419,0.11006292749257207,0.00017035619556790438,0.1073591225518938,1.7236428723275162e-05,0.04482541877234946,0.11431285377253916,0.034035859273108975,0.007596475009982748,0.008914460426304543,0.06655621247384923,0.07449631003634462
0.10824998933026783,0.08579649041455535,0.0007570600863347273,0.10885666716419333,0.08094916347502984,0.03856521088154325,0.1185934091888765,0.0007542114726987198,0.10575458093250133,7.927244764664646e-06,0.04207799603313817,0.11294432221343984,0.03891247310800093,0.008302919177879724,0.006636507448482046,0.06556223067646397,0.07727884115182981
0.10833062826801103,0.08966252988858191,0.0007999154450538191,0.11059471367404311,0.08000934745457283,0.03865839612238346,0.10754893895899524,0.001864488089874286,0.10648075580666008,3.746998211911973e-06,0.046916635903682086,0.11075838095144111,0.03601872745264441,0.007985523333264485,0.008968688408359418,0.06547407355034948,0.07992450969387135
0.11372100568503274,0.08824957127809524,0.0009878004823112977,0.11207990863691082,0.07924664509343657,0.03632451203536638,0.11405965266682483,0.0010733248226032347,0.10147874992366905,7.761850733941156e-06,0.03842342259523855,0.1157865114144751,0.04093223534617708,0.005366981326698862,0.014086519458629678,0.060650480402356106,0.07752491698144057
0.11112151085954827,0.09454598220408034,0.0012362057524436456,0.10041291169065708,0.0810216811978526,0.03471462163348855,0.11905525863962728,0.0002813059054732263,0.10976509339590478,1.0871906638865075e-05,0.040064800158999936,0.10886873523842633,0.040120326235687155,0.008697335947930089,0.010968390754486962,0.06522549894581917,0.0738894695329359
0.11436822881034207,0.09234053779141832,0.0008091584050846228,0.11109717875372511,0.08142479385577815,0.035662559762868966,0.11093119133561584,0.0006785970855244811,0.1035714017787149,6.707875332780957e-06,0.042801346187647006,0.1109241807667958,0.03733396884570888,0.008104630418699426,0.006206160868599972,0.06528732739315783,0.07845203006498583
0.10946068730029543,0.098271832365549,0.0007162386533480802,0.1061599609093741,0.07964795029542486,0.03822614352957762,0.1107850408715963,0.0002690721534414873,0.10143155529876235,1.3026017740053023e-05,0.042789457815564313,0.10825727875022792,0.03328074790729949,0.007747138845468798,0.008961488921205428,0.07553983753572391,0.07844254282940083
0.10892461457166816,0.09160666474656101,0.0005071945789263218,0.11230398414078104,0.07685459497619057,0.03895918335290185,0.10774448509581032,0.0007895999315167272,0.11227885861335542,1.0892571149729855e-05,0.04477635157538371,0.11177148570898628,0.0356825953815403,0.00712072684502219,0.0068201335394964925,0.06663103323354876,0.07721760113716093
0.11394197904345686,0.08711022983582487,3.07115053187458e-05,0.10966153516674765,0.06965610100941175,0.04308420490020227,0.10911872362986004,0.003429525000401409,0.10632763670476539,3.943563292109994e-05,0.047010236266669204,0.11532209236055255,0.033978338490022145,0.007127323445965026,0.0067853490890701,0.06869066557435906,0.07868591234445192
0.11359636070140691,0.09805021822206703,0.0014385880545506353,0.11072291552385494,0.07380374846139652,0.03158353652850256,0.11207665382856444,0.000663159711006918,0.10669695211896177,2.284791499130766e-06,0.042601403701062024,0.10859153653857866,0.03298912326071122,0.01005453376397391,0.01126792748750048,0.06749927548275386,0.07836178182360919
0.11122405859990488,0.09891285387013672,0.000834415512952474,0.10485092547119956,0.07832441298027426,0.03627961297243268,0.11134672854412114,0.00031631600098039873,0.1034371071050374,1.0172313118978556e-05,0.043684886870900136,0.11253768478399548,0.03470330761015246,0.007549301132249851,0.01050492389424256,0.07059183623748652,0.0748914561008146
0.11291557733772332,0.09009028833990376,0.00047186447677017304,0.10589422674719284,0.07666110906152074,0.03870953235351228,0.11242545222116039,0.0002596243797009934,0.11047257261656272,1.5320980778322085e-05,0.047406850031068065,0.1122209295498224,0.03307520975689467,0.0119965347077388,0.006479250894816735,0.06343079318017197,0.07747486336466189
0.11371256509885745,0.09831517835915943,0.0014089588377542844,0.11008227443492834,0.07889896535142787,0.04204418123233062,0.10591075718493412,0.0005089510006831416,0.10597639528876017,8.918753515675864e-06,0.040480611702810025,0.10952728499209573,0.036968755236458026,0.006932056057118772,0.009612202894322353,0.06376415470837982,0.07584778886646404
0.1177946239662614,0.08658708641594742,0.0002750176158073884,0.11068128611541768,0.08072214723392784,0.03748857669879878,0.10813008702300277,0.0012948883234796676,0.10793602188432645,1.099064715354702e-05,0.04073126633395024,0.11261925942606284,0.03587192415703194,0.006223685804170438,0.0074931755630035235,0.06626797799902145,0.07987198479263674
0.11708244857784601,0.0886633852893534,0.0005381471727868679,0.1103482919625305,0.07282543807994327,0.03777944111716481,0.11147258031745895,0.0003418203289610734,0.10806571725538602,9.249600405753917e-06,0.03985413738677072,0.11228294633487819,0.03496209564663847,0.011218623338038013,0.00827304662192056,0.07055601566107601,0.07572661530884156
0.11657079409359032,0.0873977314119589,0.0007580518444264086,0.10899748316373105,0.0786384668415275,0.04199301884680368,0.10289884831540402,0.0024153324176666765,0.11278967479861693,4.231068802290443e-06,0.04021287258012171,0.10655436044842212,0.03902485594312984,0.008814119563518803,0.013508035061485839,0.061452045204256185,0.07797007839653776
0.11524505325988507,0.08889489023309899,0.0007076506135883956,0.10917584842750222,0.07734194115750159,0.03472271326526351,0.11451011226639177,0.0007833421129326966,0.10545105074975103,7.909088189325405e-06,0.043759994389548515,0.11244531973940183,0.0400697535800863,0.007580120548431519,0.007340629781599688,0.06294722025507525,0.07901645053175234
0.11684423184069553,0.09212013229589208,0.001027709848165806,0.10514440814276496,0.08378883608733972,0.03560800100326889,0.10869378950360624,0.0006072416160645972,0.10039106443015124,7.160150244697731e-06,0.03847714973388088,0.11092438042830571,0.037431072857583604,0.006533816506899023,0.008889143593177485,0.0706211774236863,0.08289068453827335
0.11463765941001897,0.08579553755515236,0.0005381779199625038,0.11285622804262627,0.08069931780271375,0.037346849000353,0.10988180241388326,0.0004313104325851818,0.11077586275527466,1.7764777705344698e-05,0.048473737496775235,0.11144953762210673,0.03613167662390355,0.008091925091774496,0.005267328664234598,0.060495024550727784,0.07711025984020214
0.1077383591873747,0.09336066778159458,0.0015377464276187369,0.11249176797695616,0.07841427248612454,0.03733405306805697,0.11473677921528223,0.0004686043462184065,0.107470133529689,1.2127758823149574e-05,0.04132979031447698,0.11019022657685765,0.04111230531919929,0.004933530008897959,0.007979536054138332,0.06957792389801708,0.07131217605067425
0.10568635746596558,0.09208762550433432,0.0008243727009607367,0.11292372255575289,0.08034489765021212,0.03629647119469329,0.10991188394702679,0.0014383838827729725,0.10853578660487707,6.555985050878196e-06,0.03967926937488999,0.11059605488506985,0.0425077465058644,0.008528216862148047,0.009497439490034733,0.06342781529169296,0.0777074000986534
0.10994102105813151,0.09351212830204281,0.0019649883950905666,0.11101209539026295,0.07809604060953061,0.03336043759775346,0.11058546735026205,0.001352083366926295,0.10678477998289752,2.5410583272776416e-06,0.04648432619095673,0.11084319219536024,0.03513518455285671,0.005614254807684056,0.010846612240424958,0.06033385708086092,0.08413098982063132
0.10726150851294965,0.09388225669893216,0.0007271538150266706,0.1063944477822963,0.08229288932155161,0.03665276640655901,0.10746629968765155,0.00041847664942822684,0.10841643811307049,9.949044510731266e-06,0.044852440863272655,0.11362554962066755,0.0349674345682779,0.007139504959909753,0.01002601969969581,0.06984837611365745,0.07601848814254236
0.11808861513273942,0.09302370866612975,0.001338623966886647,0.11030270845848157,0.07352152938482125,0.03442347516693397,0.11268083472537992,0.0001503638676374699,0.10489350188818623,9.500862052138027e-06,0.04603610002232208,0.11295602375974503,0.03513017567685124,0.013200368149260034,0.009455252964038563,0.06181550536547668,0.072973711943058
0.11513432662110024,0.0895237964859324,0.0004424823764826841,0.10921252564031805,0.0795075475701265,0.03819024678777627,0.10741931177844484,0.0016329990281003315,0.1062942022071936,5.383132432117882e-06,0.041641496729494056,0.10919196045366723,0.037593862813357574,0.008960988001923808,0.009116044347033815,0.06371280213584637,0.08242002389077012
0.11916712267067153,0.08969299578177148,0.0009407878254523999,0.10458289239101431,0.07812319115903829,0.042580964808170224,0.11242593475235575,0.0012258636326865767,0.11026548089258346,9.50689907020015e-06,0.03999907501188927,0.11331607872074592,0.03735138654793665,0.006105866895058926,0.007055925040917407,0.06242095182077202,0.07473597514986546
0.11319460090702009,0.08820834298965516,0.0002730589149965303,0.10948556752107808,0.08011108443308242,0.03619020909764687,0.10948873084129221,0.002084117549778022,0.10797893212836451,6.307486382579373e-06,0.0440423481190801,0.11320637998085843,0.03723724337156226,0.008608686439909601,0.012192595180705498,0.05706279079071934,0.08062900424786824
0.1118505152073256,0.09452599619486475,0.0010273976549047602,0.10271565799136266,0.07260199573307223,0.03930747302570286,0.11137854791928097,0.0009754496042974037,0.11242699309209947,5.2478562143602575e-06,0.04109063336334533,0.10778256802013259,0.03872664871366065,0.014306332251754272,0.012814435456267152,0.06329560105195452,0.07516850686376028
0.11021919000661566,0.09189927130788966,0.0007039703712228045,0.11360251102991267,0.0770061065228115,0.03647685360931643,0.11377586570062503,0.00024002043852269355,0.1072782058923406,1.9610438501174895e-05,0.046556609559792655,0.11217342028414731,0.032982139007678164,0.005626588160742548,0.01206204515732027,0.0650673798936608,0.0743102126188999
0.11024923723656535,0.093846005677158,0.0014430790444009904,0.10734919244179353,0.07859423040846023,0.03728070417157201,0.11182818756007717,0.0006766712183918096,0.10773029638702979,7.744527355554948e-06,0.04368114796000664,0.10715151666284396,0.040132475078357016,0.00743609078248249,0.009629784070554604,0.06590294233274448,0.07706069444020633
0.1134956112659474,0.09111979620215661,0.00047930292490784717,0.10797906507627662,0.07259301453390575,0.03537338833304755,0.10841080464400063,0.001276067133203914,0.11122308326281014,5.781111227817867e-06,0.04623632597970406,0.11313448138059405,0.03876405696745044,0.008783706051616179,0.014044577510986722,0.06281234210913617,0.07426859551302818
0.11643747378082057,0.09716199620217424,0.0011518677179926556,0.10655402914175457,0.08327957306536989,0.03506173369962759,0.10889753812230875,0.000606051668315297,0.10097971954003741,4.8927005275301415e-06,0.0416178642165327,0.11079860472851942,0.03438233346699011,0.00699280390369195,0.007567156622352053,0.06717996587697367,0.08132639554601168
0.11145245673845963,0.09069957272850514,0.0007836561600464565,0.10157901749569323,0.08383898250209708,0.034377709580021384,0.11651562084404468,0.0005598877666547952,0.1113483605752886,5.944306556970516e-06,0.04245729052025953,0.11285999742369268,0.03568376989119069,0.012117613740411527,0.005322888785190456,0.06562228604030883,0.07477494490157827
0.10952934994169715,0.0926022433267971,0.001036484929500538,0.1099102269028952,0.0779030857353264,0.029444517810357982,0.11425582363593252,0.0020514692803210344,0.10423106290412125,2.5210119836663304e-06,0.04303699957058571,0.10412436887959449,0.04087680093754315,0.008590465260574092,0.011359762742630114,0.06742927842812174,0.08361553870201782
0.11140826183107214,0.08974270328428148,0.0003263164537792587,0.11555246739055854,0.07754177887814069,0.03715735680796267,0.10670659137286302,0.0016194982519616148,0.10758500402686917,9.318354336488859e-06,0.0468235596641323,0.11262580853018027,0.03622208395710347,0.005374043653866856,0.011196352198765674,0.06097690476330437,0.0791319505808218
0.11047070862470781,0.08515974545510945,0.0004876132980853532,0.10801775538960073,0.08522769090385982,0.03727037243226323,0.11079246955601187,0.0012163976947401854,0.10772033912532465,5.769609853125844e-06,0.047084078194445,0.1102074092346816,0.03467570460491801,0.00931913821682996,0.006816865919612148,0.06236721162189327,0.08316073011806369
0.10698526512627722,0.10109165468197312,0.0024169280470498545,0.09978204923624716,0.08242876286742712,0.03385994695524064,0.11355166957276176,0.0014218347017695228,0.1045573825096908,2.0243383324797425e-06,0.04466967396218221,0.10686031023567434,0.03853121094843198,0.009072994111603224,0.007101826439609053,0.06605766288164314,0.08160880338408652
0.11083718820456899,0.0878153058736922,0.0010651296780240416,0.11621334220700726,0.08438465149094046,0.03681415692384552,0.11431639478238238,0.0029685215923972155,0.10597288409216099,5.3868867625070315e-06,0.04623128625869578,0.10498027556651109,0.032955503093171655,0.004328657756700409,0.007757712072797003,0.06047152967205817,0.08288207384828443
0.1130191262095174,0.08640939527607863,0.001130673001689461,0.10405818523856716,0.08204494195243887,0.04015932426182033,0.12029261262973873,0.0010731809480222165,0.10597108900330278,6.306559017503573e-06,0.041796748589419605,0.11120538477325952,0.03638374813582402,0.007080919370009549,0.00422327262594398,0.06943137049947047,0.0757137209258797
0.11169351137214215,0.09356111603607237,0.0004277403980429869,0.11359708742851496,0.08014571181923676,0.03324509960583387,0.11184508376340989,0.000338868371122069,0.10704185527290316,1.097067364200981e-05,0.04670056119781364,0.11232500364199041,0.03245447579484782,0.007373720640242939,0.006431574045741504,0.06575911959243981,0.07704850034600381
0.11294425596561339,0.09220677379593628,0.0008292627219881754,0.10646541142521705,0.0759597676000779,0.03365769054675527,0.11807035654296043,0.00016441734312272065,0.10507094586268284,1.043594902999141e-05,0.0450914073548708,0.11531795659136383,0.036068914374689814,0.010379045780272218,0.009469934936585963,0.0644172946382711,0.0738761285705622
0.11092994481836255,0.09369028696001164,0.00124748780157212,0.10603765002646982,0.07778581862633602,0.038164038464789656,0.11476824650377798,0.0009691077309287742,0.1066891447301402,3.519574586531642e-06,0.04464837143443757,0.1053050022349494,0.03759346588081641,0.009384626534475807,0.00985170120888703,0.06309041196286916,0.07984117550658941
0.11383601483145515,0.08551853434130834,0.00034128733543286043,0.11294147754345082,0.08023256502977716,0.03830659841975286,0.10974412113857186,0.0012980995415041244,0.10737163414959582,7.009351914339423e-06,0.03825887441242263,0.1123344787706573,0.03360263476825533,0.00966244302649198,0.0075229462797921625,0.06736110143354573,0.08166017962607161
0.11617759609825683,0.09214446373788641,0.0003871386570193602,0.10308880458574185,0.07001202544134509,0.03519024531429274,0.11057068279447722,0.0008860923459817855,0.10502892719721045,8.047038496512382e-06,0.04365103853533512,0.109215973873699,0.03829560319434651,0.012960071904677316,0.014157611501870218,0.06856465884584682,0.07966101893351679
0.11163491125847327,0.09330008674922441,0.000958705776092025,0.10652380480957654,0.08146927590802754,0.03362243695853755,0.11402187051478357,0.00042501698433417283,0.10496167111025027,6.70172324024463e-06,0.040692107268243315,0.11617112787301619,0.03668808689241807,0.008820466259003595,0.0089932064732687,0.06495832716677738,0.0767521962747331
0.1154199438072967,0.09713826205035941,0.0015395421880519565,0.10589629921727081,0.08011626612689084,0.04045607445521965,0.1082615623810368,0.00022983473808723523,0.10511290116112719,8.407602591076722e-06,0.04172400664982946,0.11235264356864419,0.033602997691869696,0.009098059434089019,0.00806860944888813,0.06394204744719735,0.0770325420315504
0.11564569054359898,0.08785754920704954,0.0010839410306046754,0.11161587240073857,0.07966089284956805,0.035032038373569566,0.11578817095368639,0.004972193666054479,0.10893660763754529,2.08419833670379e-06,0.04544357287838546,0.1038366239138876,0.03536628248725274,0.008328929253303892,0.010415342870694424,0.06286991831274764,0.07314428942297618
0.11434073687402513,0.09217669893951035,0.0011358082885703272,0.1040698066828564,0.08064252502572422,0.036376007464768774,0.11666904021329966,0.0008730103476135045,0.09943670178339958,8.240301743151247e-06,0.04206239918099921,0.1141141821422677,0.03864076904480642,0.0049318273914731245,0.006285230610595948,0.06486339352954337,0.08337362217880327
0.11520524487302235,0.09220491231119325,0.001204070488069096,0.10408406374613241,0.07520787520252269,0.03794530518098086,0.11721253261028415,0.0002169170546748622,0.10756378819550391,7.938633008361619e-06,0.04131549559791284,0.11402526483666806,0.0368099634558103,0.01165362099351346,0.006150126384657468,0.06400102176913597,0.07519185866691001
0.11183090036123623,0.09255010583075113,0.0015248202146583858,0.11324168998570966,0.0812011986883591,0.03575115674758195,0.10814151753639362,0.0014880416090716768,0.109921386107474,8.637000951995905e-06,0.03473043229398672,0.11120320005277834,0.04213271014095925,0.005353678282565989,0.008260250103822434,0.06405915487355637,0.07860112017014331
0.11296482126073122,0.09230967021652225,0.0015493936313436664,0.10612141803619558,0.08616784897948146,0.03568790450698505,0.11370082625924188,0.00035896057724760884,0.10926798574518629,1.3077910511829443e-05,0.04444913089533731,0.10979558235918814,0.0340938968443185,0.0030036106249660887,0.006516308621018053,0.06578791338372826,0.07821165014799686
0.11333191144007763,0.09446393644491172,0.0007377181502837823,0.10308714914360291,0.07770283890444503,0.03703569300861955,0.1147407181925739,0.0006857534302704065,0.10940714308484142,5.91426427832149e-06,0.04497946488260471,0.10552435324891153,0.03590973294556705,0.009019393280392059,0.010660021673337844,0.06718801577869131,0.0755202421265909
0.11696677703140249,0.1009655440987064,0.0024325077089065996,0.10413841244873855,0.08063963702850732,0.04519594069789227,0.10714057346668235,0.00027421212392934224,0.10140281127273072,1.1046964695688093e-05,0.03711082159894912,0.10924148461834668,0.03774561065685697,0.007812685244111967,0.009854569420468237,0.06764631977516805,0.07142104584390713
0.11792904704305404,0.09706653692992576,0.002310901258795284,0.10151160350700797,0.08099440575176761,0.030399435095014596,0.11445843133735814,0.0002287880894974176,0.11093117878825634,5.066386150750865e-06,0.03751071578842935,0.10678995379265921,0.03722583702631935,0.011022283940917659,0.01193699151711515,0.06415792114798383,0.07552090259974743
0.11680322284039964,0.08868478603813156,0.0003320513202541264,0.11225272775552067,0.0767389884886902,0.038248448492222954,0.1046751360347526,0.0018964329689486828,0.10000423779415339,1.3022660479291166e-05,0.04257504889418465,0.11440311471820312,0.03904020536284544,0.004377020046096791,0.00818755906495943,0.0666269927124742,0.08514100480768333
0.10656259773623096,0.09185150606346792,0.0007656849697292932,0.11328319334401811,0.08248444234668002,0.04029572224712934,0.11465313382265896,0.0008405165029900079,0.10110148859410975,8.34259003095876e-06,0.03951456588439159,0.11376783988112874,0.03631513567480261,0.00754185073422893,0.005511744231380638,0.06595099673147438,0.07955123864554764
0.113050151536431,0.09065050020226617,0.0006928209257242554,0.10724412796475673,0.07999233619815585,0.035384717259273266,0.11162221411697881,0.0011368134393532371,0.1077845183843647,4.09889383090557e-06,0.043043188782601986,0.11040038605632921,0.037636842105273405,0.008441360660424325,0.009950302597924189,0.064938232659553,0.07802738821675886
0.110812135465021,0.10147922232693991,0.0029254786379676006,0.10764997725209981,0.08156167331675392,0.0374889099353577,0.10564946364568824,0.0005698694445978305,0.10981612539827985,1.1481249390720458e-05,0.040918866187377494,0.10917102432264077,0.038226055644637096,0.0033446498007167974,0.009885412873590222,0.068726128159014,0.071763526339927
0.11470202677001984,0.09477189948255284,0.0009289037831715273,0.10268093116381097,0.0857702880032448,0.04073854138882516,0.1096830501271058,0.0009552326910114362,0.10689006621952228,4.101337939559627e-06,0.042839344302496134,0.11312433383527828,0.03253800023563411,0.010504370701998684,0.005938754467058627,0.06298265614679059,0.07494749934353939
0.11138395611929681,0.09268513979175663,0.0009591199565555503,0.10817300444090282,0.07995574061063315,0.035631800311350235,0.11215664647921704,0.0006655377062316356,0.10263078236453739,7.07562575639691e-06,0.04108714775780786,0.11286393415275348,0.03923179761515701,0.00725270920300348,0.010194734119612915,0.06777373678763281,0.07734713695779483
0.10916528124679944,0.09333329127904082,0.0010542971393880877,0.10775948547126045,0.0758862774867607,0.03449474514856387,0.117599179991595,0.000658503150989393,0.10449277153037981,6.312762086576183e-06,0.04740885378530022,0.10967403711684146,0.04000191592875939,0.008827776499023395,0.006626691461795219,0.0656682719016484,0.07734230809976772
0.11610549769001079,0.0941273744171469,0.002002368881027513,0.10517170172623447,0.0834983508609543,0.04193487392188318,0.10807801680219935,0.000506055453988629,0.10438331276641749,7.912171557167952e-06,0.03936658822707668,0.11269670495942861,0.036135462806578374,0.005953549903179311,0.01096359761596826,0.06316601261348316,0.0759026191828659
0.11172703036739524,0.09851624826074913,0.0025182737286712333,0.10927789729409322,0.07745203538441457,0.04021969612351264,0.11091764370984561,0.0006058205902542623,0.10326147528607912,4.9114717399342074e-06,0.044182707954616,0.10577411124373412,0.03637706335907194,0.006418710971499551,0.009237062417186734,0.06451218083341329,0.07899713100372334
0.11205732489077556,0.09314282833446066,0.0005544916106339781,0.10784289319833798,0.07688221081255614,0.03522985676178375,0.10877588870418652,0.0010947809515700715,0.1058238286849441,5.606886755050003e-06,0.04125371827599308,0.10669226294623932,0.03936919551977495,0.009728989056060691,0.011140543795135129,0.07146401490856012,0.07894156466223289
0.1102916853809641,0.09309556012470553,0.0008352517442553657,0.11062217991744196,0.08008878840706243,0.033311743535200146,0.11658191247062596,0.0006766117861121931,0.10206086074875947,5.974458120742127e-06,0.04315211355079802,0.11172760804324079,0.03919482317881227,0.007919911503052483,0.0070031547239314,0.06472733804954785,0.07870448237736942
0.1098650643188819,0.09935658688167946,0.001369179199593873,0.10560081727397605,0.08147040577385674,0.03604405740916919,0.11119645732480979,0.0005509426204110202,0.10401768111275829,6.361951088222125e-06,0.044274116395258835,0.10879990306334872,0.03589855973832753,0.006746207113778373,0.009276927973411824,0.06832287947455387,0.07720385237509621
0.10891993891358358,0.09899565730159918,0.001370813897732745,0.10973922936036921,0.07658317655245828,0.04104365013202822,0.11097417046738835,0.0004244591005485227,0.1033806546317714,6.955628931334877e-06,0.04253798182571364,0.10641749845195107,0.03635889686342292,0.009428543434767112,0.006693905864878585,0.06673354730240093,0.08039092027045487
0.1148617582934798,0.09269648792137897,0.0003683295834642598,0.10713546844735014,0.08222072384611119,0.03695593663640121,0.11191318550391834,0.0010305690292962343,0.10503520342993224,7.2646290458994805e-06,0.04300037976631524,0.10970688245540332,0.03403597557805074,0.008124413729630993,0.006894596268539024,0.06855063312963922,0.07746219175204327
0.11857967209029725,0.08609587351162035,0.0006063941258532325,0.10846947965678512,0.08218668185027424,0.03766450940367101,0.10319685103774313,0.0008435838373715048,0.10963829960007083,1.078761813743594e-05,0.04152879210000619,0.11902284116084273,0.0374934754196893,0.006349465015586692,0.009919000902968395,0.062407829198562054,0.0759864634705206
0.11546920671334104,0.09364720299936925,0.0010305763201543501,0.10102002255436422,0.08288899071480026,0.039868727614398955,0.11237672825589184,0.0008043702074542552,0.10670563306376883,5.875041356430079e-06,0.03907452414216686,0.11177307877194088,0.038354337507107754,0.009336031949668623,0.006255855923820809,0.06557149049782572,0.07581734772256991
0.11623691604053957,0.09046946510661362,0.0010059119610168264,0.11374519030465732,0.07490178856056605,0.029772266648572337,0.11267842637474755,0.0025355800920321575,0.1066255400185931,2.420243363582655e-06,0.04459354072855495,0.10655219344620244,0.0413543429900054,0.008497713371818084,0.012503970312948023,0.058807167338502477,0.07971756646126654
0.11085755791649025,0.09142759466861393,0.0009226662877372926,0.10996870995421607,0.08164991802790184,0.037337545937283056,0.10965315365091706,0.0005429469919460199,0.10340015039991603,7.139991868914524e-06,0.039134138443327124,0.11796215662721544,0.036960812676173724,0.008061287045883095,0.007365495223209878,0.06678776769948858,0.07796095845781156
0.10814436144488568,0.09622564968086442,0.0008189950067622033,0.11387485244904173,0.07423325894271353,0.03492308454060484,0.10773988606736093,0.0009956670101503337,0.10325845898993306,5.059013125380628e-06,0.04377880726154567,0.10707525996882648,0.038853536649864594,0.008305902210751174,0.012191576151285974,0.06635968091689193,0.08321596369539208
0.11507540245654876,0.09800829567572819,0.0009056595048248681,0.10651110054569866,0.07871745478213217,0.03530586842188555,0.1088429115747289,0.00030982929479757634,0.10572323744406072,6.124345188603063e-06,0.04332997371788957,0.11115083788279731,0.03360774482950002,0.01060593596594657,0.008556829636789146,0.06718557664252595,0.07615721727895747
0.11565308519137298,0.08998925445507712,0.0009494449804642705,0.10527980618620703,0.08015331673007572,0.03751517233924953,0.11338435982484832,0.000648108273026643,0.10755234855279797,1.2244904335255967e-05,0.04087323297231764,0.1131305984568554,0.041293599569544495,0.005722535565235496,0.007373037808410181,0.06758890095025635,0.07288095323992577
0.11110967507350647,0.08602937074389522,0.0003377450190696757,0.11311691476360426,0.07489678757928145,0.03528619535569808,0.11470812742933821,0.00016934526439688253,0.1142348205859107,2.276310049299282e-05,0.044375658288821625,0.11688033338593364,0.03178618074159642,0.00816179367284378,0.006518174441236099,0.06555753821396643,0.07680857634040802
0.11529236024231602,0.09607310588226936,0.0015860977976045092,0.10884858028213892,0.08153985744583993,0.03305850762107174,0.11384863155300241,0.00039767513019536084,0.10012479368874198,7.0067110859596295e-06,0.04233897136745377,0.11073200223543733,0.03744380040572529,0.006395604174800102,0.008942319248891929,0.0657276128758534,0.07764307333757206
0.1153667530184799,0.09321841300663312,0.002680663989568369,0.1092029866032838,0.08037238621909858,0.03700263960397633,0.10576181890541442,0.0004133289101326512,0.10750918314171028,1.3354637960742513e-05,0.045536424244047725,0.11245996624036292,0.037542408555987644,0.0032533799238743002,0.010487444286802585,0.06672941401184593,0.07244943470082066
0.1118796687053913,0.09229585095023451,0.0010510416517758537,0.11245020875737965,0.07662042054807587,0.036269751811517634,0.1182663804160629,0.0006522093156639339,0.10338029674020331,5.801515137917307e-06,0.04156927911448446,0.10835495713426772,0.03856174028368624,0.010128128092485509,0.005259224147309053,0.06558430011334679,0.0776707407029773
0.11014272191636128,0.09447524683270442,0.0021746530342107227,0.11583038373510314,0.07819319005524168,0.031247603966521213,0.11250296539370536,0.0028568509356128,0.11111928922416371,2.0136162786021668e-06,0.047267135373578115,0.1033358894820629,0.03542675976898889,0.0042517292695021655,0.007508323649029348,0.06030148818600219,0.08336375556093344
0.11440300414037069,0.09450730922579453,0.0014387638837629496,0.10166464067391592,0.0757459994527988,0.03401351478963265,0.11562104916980476,0.000756265146709238,0.10858004448193886,2.3800738598995257e-06,0.04410448607060099,0.11092869690306735,0.032194190615590625,0.010606379559248955,0.012276548078591083,0.0643793179493265,0.07877740978498622
0.10723377046535049,0.09079763651161725,0.002076448989639492,0.10056368982543075,0.08376747729706265,0.04010440840453742,0.11225914360703827,0.000253855875387954,0.11186352887708337,1.867883880754971e-05,0.04664976120873582,0.108111640487887,0.03935343574251444,0.007234280196978655,0.005036095481683123,0.06950431021572451,0.07517183797452136
0.11239337527723242,0.088613559738866,0.000259160220186535,0.11093873807232407,0.07849464190078312,0.03950806498961062,0.1162117919882363,0.0005673512579055331,0.11402405627270394,1.3396237510781015e-05,0.04292738392930135,0.10965927312134292,0.03074921421021421,0.010267409864812818,0.005717660724571163,0.061961416466746896,0.07769350572765107
0.1102718056352742,0.09364937797778142,0.0012440822281460586,0.10883395208778164,0.07919544776994382,0.037466928544681304,0.11370492022565987,0.00017458549901861777,0.10972148017705445,1.119540012414962e-05,0.045901073292729425,0.11192145455491852,0.03315390947114052,0.006724223764951315,0.006472888025808378,0.06671746850911438,0.0748352068358721
0.1113494770244644,0.09115538225568948,0.000830170886936207,0.11177154101957518,0.08078939742098741,0.03871009276374925,0.11173073035733035,0.000672546719650811,0.10339339306829075,6.265349678353819e-06,0.04323372273010388,0.11223988812804986,0.03575183129400313,0.00880011726822641,0.005051652865645836,0.06533454908076981,0.07917924176684889
0.11586652199145007,0.0921058994024389,0.001410272874330806,0.10605069067014775,0.07651393005601455,0.0339924036627879,0.11071330126979807,0.0017545304809254022,0.1103056684277451,2.504027905661509e-06,0.04137226958654839,0.10740525497966484,0.03972006383049116,0.008001788299841626,0.012798698089167268,0.06054054724385592,0.08144565510688664
0.11542072062599777,0.09421807953054541,0.0014995315598409329,0.10338664520777986,0.08181426886899164,0.03216848976316544,0.11584271493899928,0.0012323666883189283,0.10847965281295269,6.4689571084221494e-06,0.04224557208271337,0.10667227943986511,0.03935079673754873,0.004078831884063956,0.009164109380404455,0.06585073749943879,0.07856873402226516
0.10929804806925288,0.09103026256382583,0.0007593964743828596,0.1097960743261607,0.08030381925684332,0.03413233010860914,0.11280250565365607,0.0014941055146647849,0.1087217799002402,2.960184218298096e-06,0.040606114870720834,0.11047634232253614,0.03702749334119569,0.0084705206434952,0.009739903456593382,0.06412214157804555,0.0812162017355592
0.11297948178066462,0.08612305408333747,0.0008672097785857423,0.10999957908893855,0.07980776962091232,0.03737289453131675,0.11105109621056176,0.0012912554513905365,0.11131935803440646,5.223665362941546e-06,0.04350712144802496,0.11180539803313712,0.03595176868778098,0.0070383233562028675,0.010962117702249675,0.06059948218870403,0.07931886633842329
0.1138540189356307,0.09058427492663712,0.0009736739141478441,0.10271468824904424,0.07938186481884528,0.03866034332289829,0.11669153228567634,0.00034906282778584386,0.10553832361367041,8.678765406214672e-06,0.042136626048870945,0.11404124232905766,0.03614604519195385,0.007923998799878776,0.0064465780125137154,0.07095141096172985,0.073597636996253
0.11472961757242592,0.09418934163493077,0.001581625768437425,0.11089071329209706,0.08144065866927948,0.032810513033851074,0.11083046628224925,0.0006452398383668902,0.10346842265263909,7.020177733174608e-06,0.040747936598925394,0.11262362881194209,0.03864380201616745,0.005748112144169548,0.010697487233622533,0.06225889391014437,0.07868652036301858
0.10896203997686009,0.09196188515569774,0.0006359757326515691,0.11023935360814734,0.07911636288671457,0.03438012776743143,0.11414606049281421,0.0010856331478136328,0.10664299407469177,4.8404734632881145e-06,0.041673999514390186,0.11099951144087948,0.03924891675921197,0.010459353327185731,0.007212289129432462,0.06611891495522422,0.07711174155739021
0.112608994606113,0.10030176854524407,0.0014674624324685168,0.10380042728068983,0.07955907828294546,0.035641405960639805,0.11319358312284747,0.000316993397865972,0.1047374279796908,7.2441895153349086e-06,0.047694215600817894,0.10652107207317311,0.03457544275960286,0.006971075891914628,0.008523919980165218,0.06542354582425647,0.07865634207204943
0.11529330094194007,0.09338740272125592,0.0010028382610791427,0.11030311353620757,0.08151406146222767,0.03653051490567019,0.10865320410321569,0.00042950834901365456,0.10651714374993501,1.2912925102174675e-05,0.048032006051039654,0.11427001975866241,0.03449585814269726,0.004067269879504871,0.00862867223300939,0.06073503296409859,0.07612714001534068
0.11418268026806516,0.08623890121471257,0.0007165503787212542,0.11192951934975534,0.07894243622960538,0.04110341992800571,0.10561745258896865,0.0016983053617142907,0.1089144443314542,6.089964484568835e-06,0.040712847333007576,0.11268137992718956,0.040402788475562314,0.007697852359705599,0.01353784256783832,0.06262781351324681,0.07298967620796276
0.11463113777099856,0.08930290535716161,0.0006706667032512214,0.11199405845373882,0.07663043052476588,0.03498522848483025,0.11017563589002068,0.001663812381193754,0.10715925693904717,4.086867407550679e-06,0.043067377197219564,0.10971680092472075,0.03836874543169919,0.0073888348931261585,0.009186880203243293,0.0628609897281807,0.08219315224939487
0.11595896151201522,0.09169977142494258,0.0021744603074116543,0.1112725005324857,0.08235920805701312,0.03613904221422951,0.11159583947660211,0.0014358936320056886,0.10586045250705772,9.404100808470417e-06,0.041899759700320935,0.10844043931606846,0.03680374103561198,0.0023337021407225282,0.01245887383752581,0.0657430589560211,0.07381489124915745
0.11607531154295052,0.08978142677149713,0.00033488603627457287,0.10921051910798138,0.07882341533222856,0.033427107280869214,0.10852116213246778,0.0015717599052782628,0.11083768085611957,4.402874336214006e-06,0.0417289973687864,0.11112635771420576,0.03423610711948665,0.008932003366967494,0.009919371036280239,0.06483405141890344,0.08063544013536685
0.11212106951957518,0.09459707007834088,0.0010455277393127277,0.10200456778427326,0.07999784893167966,0.03739306465517971,0.11503059810048097,0.0006872005859646366,0.10824455774907238,5.428389261868266e-06,0.04682507469315697,0.10544886006642284,0.03751366426730242,0.00875677238794489,0.007817205283392232,0.06506480056518256,0.07744668920345671
0.11290296180299468,0.09025564357982381,0.001245290172031086,0.11297756718024039,0.07438384740533792,0.033721910550016596,0.11423981185676742,0.0006933745040400001,0.10486394458583077,6.210710942108547e-06,0.04724776064095439,0.11078483323240944,0.034033348336854743,0.005505678786305775,0.009398170880444673,0.06543896973137008,0.08230067604363607
0.11017966488616138,0.09364807593123692,0.0010504807987973355,0.10398471564793184,0.07545415658474572,0.04121604520024419,0.12220660132339664,0.00015235790778330468,0.1080541411315484,1.9101581318526555e-05,0.040529627576719345,0.11292989936161921,0.0365927254529153,0.008592733653430188,0.005797168493827119,0.06752748779978501,0.07206501666853943
0.11499590781249938,0.09200940494723849,0.0018729492352047867,0.10857056943407356,0.07829540709364961,0.037431538873727355,0.10652715724173435,0.0012447229834418921,0.10432409250450125,3.268009185328021e-06,0.04395798924455912,0.10958511471584166,0.03808148147484325,0.008232230930369648,0.008563955808467213,0.06682877459691189,0.07947543509375112
0.11200959207374264,0.09254847371837285,0.0007496839808779971,0.10896327414358616,0.07416483632611597,0.035257971002352353,0.11286176478248121,0.0009553372058482715,0.10947217271933307,5.244471396348695e-06,0.04579087119426341,0.10852824966861208,0.037131270093548725,0.00839721912042518,0.011597309829935272,0.06278111633991357,0.07878561332919481
0.11544438955893817,0.089638623138728,0.0007153507925646554,0.10472549761200811,0.07721554527056174,0.03641298485061895,0.11142149771970768,0.00032699910027809883,0.11176854194911005,7.36245804012601e-06,0.043717858091337186,0.11388768040240249,0.03509824110129285,0.012568041295217557,0.00611813236165164,0.06446917249973935,0.0764640817978034
0.11013062216755896,0.09584567896461524,0.0007350216558225772,0.10624522742724504,0.08195603626838414,0.03831685953566237,0.11220687840751996,0.0007787200187079069,0.10115281888918139,6.502018811315662e-06,0.046320105154551774,0.1110420316814244,0.03498804621644595,0.007522452922417736,0.006009011511583557,0.06652599310817311,0.08021799405189448
0.11042513804766782,0.09051003350399797,0.0013600359947240456,0.10355478383860042,0.08395440361783657,0.034742370037219014,0.11140455522908352,0.001501550013033978,0.11319991888936899,4.106536047734814e-06,0.040647848749504716,0.10844111306068561,0.03872565660264614,0.006537654675418327,0.01157070191609472,0.06419005650075311,0.07923007278731736
0.11419027596970809,0.09140795715402333,0.0008952978977613563,0.10411903055501719,0.08261727739086368,0.032851481877269946,0.11166387518065946,0.0012211466874887111,0.10938428654379351,2.969224872427575e-06,0.04111178036434568,0.1125847389610057,0.038513569479729816,0.009589009370569881,0.008259042489719315,0.061421676103692646,0.08016658474947934
0.11627668738254719,0.09556703265841623,0.0009783498846058958,0.10931214912695852,0.0829420554405101,0.029487725485939323,0.11006616285340085,0.0006243903792190925,0.10413158538071253,2.7800951549696027e-06,0.04065793945623515,0.11222360341412203,0.03293854156883014,0.008237951985023327,0.009552830684842646,0.06673667946136341,0.08026353474211857
0.11615958555704135,0.08813313235556437,0.0006565911315594905,0.11338708175054861,0.07706545847473385,0.03872600105034459,0.11253139935673014,0.002949321394523445,0.10718379193158088,3.7669048480787915e-06,0.04505493065155857,0.1060675543731375,0.03726752520817282,0.008512278800109336,0.008140785980229909,0.06058966126290541,0.07757113381641172
0.11010330697309119,0.09521959105396186,0.0013957333223073162,0.1072933274814975,0.08000377501606071,0.03599639001041721,0.11168064136452106,0.0008401937207799332,0.11113252036484011,1.2395561835891193e-05,0.038337423646154035,0.11156627455192256,0.040141425969318426,0.0038341207899915924,0.006778171862051189,0.06674770150199488,0.07891700680925463
0.10982184225644286,0.09088393521898601,0.00043161187340675825,0.11269276359511123,0.07891036283089918,0.03291896750167541,0.10784111365717816,0.000615647224462327,0.10500253969290005,1.2540868697337722e-05,0.0447210891220257,0.11571395910485091,0.03979270062275842,0.0071202573216032974,0.010055645065045358,0.06686221475927386,0.07660280928468322
0.10641352064671325,0.09173178485292884,0.0014029372930150223,0.10890005678597783,0.08310030292516038,0.03639479290042286,0.10848659401212259,0.0017833938676067647,0.10942200288095363,5.652145954378053e-06,0.04224376160103,0.10914436061397997,0.039522017630978144,0.006272297065867305,0.00930970118312248,0.06408276989872001,0.08178405369544652
0.11330608273305288,0.09522712230332384,0.000971366090094669,0.10735603395348961,0.07705660477325808,0.0346426223151212,0.11203660431370416,0.0005721071206302145,0.10514075880680697,9.610552825486312e-06,0.049577539764902284,0.10959045519163074,0.03671589614601954,0.004918095845184682,0.012465579992098944,0.06435275533370596,0.07606076476415097
0.11478976881715389,0.0884732768217967,0.0003790218106046099,0.10743360514652768,0.07838763017365064,0.0365495023508561,0.12116667903001238,0.0006572212456535299,0.10943064183929817,6.451596337792377e-05,0.04459402822329369,0.11412778825428982,0.034761583255628836,0.005759517345448146,0.0023855670541655005,0.06377347208797493,0.07726618058026753
0.11476558194261831,0.09531416976754961,0.0014481444516184553,0.10991060814205525,0.07932079349205717,0.03317019299225386,0.10730074641944752,0.0006019056362635319,0.10792085845027971,7.42078014504366e-06,0.04280837806240122,0.11268048496355428,0.03856323505925604,0.005913520756618182,0.010078152483324207,0.062346603794532995,0.07784920280602468
0.1077295841609316,0.09917104738626716,0.001082170399891489,0.10610632902163594,0.07936577734553135,0.03870581902679107,0.10967599925430735,0.00015455830548450234,0.10778632120587124,1.296389267989023e-05,0.047128072157161395,0.10990852754624708,0.031995171705245566,0.008802123270677554,0.008705401904628188,0.06706365527061688,0.07660647814603175
0.1060301401716537,0.09261467406852784,0.001894528330168075,0.10885683581363724,0.07756395697712268,0.03648653834373298,0.11559806607589661,0.0018116988271264641,0.10794875757771472,3.999796544861382e-06,0.04518445484219455,0.10675564324695644,0.041880930938901655,0.008569116553678082,0.004970121325940078,0.0567954585214484,0.08703507858875563
0.11766955086571892,0.09135584339774334,0.0014996313714943001,0.10866609086869845,0.08090608672070759,0.03378511405277769,0.10769103983609955,0.0009062830041597744,0.1106057425167151,8.055779789090596e-06,0.044376996226747914,0.11086121672437044,0.03883170523426783,0.004935212257285783,0.012327426652911404,0.05819382941233336,0.07738017507817962
0.1157419310599726,0.09476107115388216,0.0029332778997514415,0.10034210759772483,0.07970252262262857,0.040941990871773006,0.11474321832277758,0.0001826679038466121,0.10462285014872105,7.632568901769564e-06,0.04763610027092519,0.10892150113260879,0.03498253563448785,0.00813810231466557,0.006765948159266406,0.060556169402404665,0.07902037293566191
0.11175425480867957,0.09112105884785772,0.0010179732243843702,0.11965294393022398,0.077572766782925,0.041211483941657925,0.10740302994079412,0.00044913555569206645,0.10449269015835073,8.997687140479613e-06,0.03552814383842099,0.11683939484219395,0.03546701165655625,0.008069479927815041,0.005722061254142974,0.06461940236403381,0.07907017123913088
0.11502959942561411,0.08997244332735076,0.0008563718935250905,0.11046966557960372,0.07706075353853248,0.03399502122020484,0.10873431474336881,0.0024355032994945766,0.10842985037418164,4.08464494848352e-06,0.04444339719155293,0.10546002537764976,0.04340482053500736,0.008499120065878748,0.010269728084998809,0.06262410720318859,0.07831119349489932
0.10986222345872493,0.08877929375264289,0.00024055556781429102,0.11626810743486972,0.07673166379613083,0.03476276423918292,0.11182693892780873,0.0002620617924833308,0.10753444101286483,1.5183378584049674e-05,0.04303931748361888,0.11674348052290041,0.033313268974070595,0.008906088385770165,0.011026542872216622,0.06821169558953016,0.0724763728107867
0.11173837332880118,0.09708538027460674,0.0012829575984567563,0.10476391844577579,0.08290021069180362,0.037600566716422444,0.11059821584944488,0.0003069846713666662,0.10521809922371553,7.446234014148099e-06,0.04404273482026088,0.11424856178030084,0.03375373978740106,0.007533005593847469,0.008213242085704266,0.06419294186457157,0.07651362103350631
0.11907367985507092,0.08811740350197654,0.0006742897464060056,0.10697114006996697,0.08258139277112427,0.03349267407061889,0.11297709629079668,0.0002543479047215445,0.11327612329791106,7.549610206599757e-06,0.03977883094769173,0.1109777082068956,0.03153135721790214,0.011113597094394323,0.006884727248432775,0.06426820476063708,0.07801987740524696
0.11331929403678931,0.08925389527144181,0.00040600461183015095,0.10716492059069761,0.07986507125145781,0.03870603545306886,0.11629489535144177,0.0017338091458600244,0.11147872915524726,5.0505769033794015e-06,0.04306878612249985,0.10762929446913423,0.0351894968019184,0.009352178846901102,0.008083450396015948,0.0618435375331971,0.07660555038559536
0.11704508775360038,0.10164592902245502,0.003029760369924799,0.11087854330013906,0.0810172331935986,0.03948681908866285,0.10337571266711847,0.00026700239389282744,0.10624102247415998,1.1443045774047291e-05,0.04336493232155342,0.10788316576462752,0.034133403934223094,0.0036221885323907493,0.010352573599601978,0.06138261425643639,0.0762625682818408
0.11201426947000785,0.09516713732946927,0.0016577132104991007,0.10877744838066791,0.08614870561283755,0.03521399371735201,0.11072169623468188,0.0003557555407669125,0.10403910593648978,6.838928253611317e-06,0.042152712757730804,0.11375697046816366,0.03341402390933554,0.0059142755401524645,0.00760448315849491,0.06314972776127924,0.07990514204381753
0.1185480819943641,0.09082342615741933,0.0016035652959455404,0.10334431861283727,0.07903407036246039,0.042094328122877694,0.10751007163597595,0.0005212199431434616,0.10919442309282788,7.729508917231834e-06,0.044445316565538774,0.11189360361780425,0.03788886742263433,0.008382209691008346,0.00687097035024137,0.06349526309252757,0.07434253453347661
0.11308259541075825,0.09354117199951321,0.0004231105643650558,0.10470026829187234,0.07787719041309737,0.04302841666578211,0.1097354043134189,0.00028938441407352846,0.11403170295551562,1.6596947654758344e-05,0.04231672478096841,0.11117074163099669,0.03158278726344134,0.009683698487463505,0.0068882980393483026,0.06924506275086723,0.0723868450708633
0.1139647546906074,0.08725608165155525,0.0005821806862154544,0.1104991834670167,0.08256738204577496,0.03746099009435031,0.1130039223201522,0.002318426619228463,0.10848665136969923,2.8277911729818052e-06,0.04296313993660852,0.11038087508732751,0.03585289729459433,0.010328467600877607,0.008150088850350618,0.059309781091430834,0.07687234940303761
0.1116719415774356,0.08964332583307867,0.0023424501382416467,0.10982830002872074,0.08677246666083727,0.03309930887088972,0.11315139544055039,0.0005497455558941737,0.10558423983052777,5.757128754769416e-06,0.04240790808940349,0.1100391565674252,0.035798286386949554,0.006093500529344946,0.009257090828907563,0.06718105903588696,0.07657406749715154
0.11466832511119426,0.0912960782855352,0.0011077836390506954,0.10056529860536653,0.07595893509125495,0.04297801372021908,0.11110578078169274,0.00026217238338584236,0.10870201793271607,9.51061915572405e-06,0.0436241305503672,0.11458500408723216,0.0351977910401192,0.012607131252888362,0.0073231691134202,0.06533740025857818,0.07467145752782359
0.11314114405482215,0.08675733912519888,0.0006395315663536221,0.11301946135232085,0.08434441924536855,0.0312857590283488,0.1080242431014639,0.001629635781528221,0.10570834653498351,5.799039159135028e-06,0.04199584899123108,0.11328296026720919,0.04041667467161716,0.006815505072972422,0.010695518373068966,0.06536016765707268,0.07687764613728097
0.11370374202886657,0.0951443000133885,0.0007963434188222889,0.10089576107056147,0.07630334367068305,0.037060820785034816,0.11520693838344419,0.00027475801374465727,0.10884937677866288,9.113789221750528e-06,0.0461129591326034,0.10980767882260006,0.0355772980983604,0.011156657797291539,0.009050038971649292,0.06636365351022917,0.07368721571483591
0.1126206142936902,0.0861937350117865,0.0002834100900858679,0.11868840939481672,0.07429494570604267,0.03573230357093153,0.11043015896090787,0.00017993340754609034,0.10990219994500458,2.0924142682947656e-05,0.043216626557178776,0.11673574764693997,0.033892180843894594,0.009738296419424265,0.00812323898518083,0.06612685074391668,0.07382042427996995
0.11352245601950221,0.09394452159966214,0.001032438006261678,0.10125537760283372,0.08053765233451549,0.037169400308221384,0.11489476970754309,0.00029754869863813456,0.10529287596677088,7.044050408242468e-06,0.04288776051279748,0.11047125151833104,0.036720130695993676,0.012445991121513355,0.008666765594135692,0.06615800176814657,0.07469601449472534
0.11426068492923391,0.0906483100430106,0.0004784742030835925,0.11156948072111547,0.07903074037557492,0.036812197980165134,0.10959485163269654,0.0013993401202487784,0.10666195115847717,2.7204960577325455e-06,0.04085964321444883,0.10754886742940586,0.03124978022573413,0.011664741069332098,0.009227935973892485,0.06806876888321217,0.08092151154431054
0.11436270660148513,0.09152281037534842,0.0007655528988601097,0.1072610097039959,0.0767386267984033,0.03318905522908521,0.11346755062068622,0.0011573009150830935,0.1052281144679656,5.257600328422398e-06,0.04482551212370426,0.10974360710332903,0.03876872549290765,0.006712377868565399,0.011604791223090584,0.06406006351615352,0.08058693746100824
0.11273771937552934,0.0871004257040696,0.00023192111087580556,0.1141743104118162,0.07627711344876431,0.031857297432812536,0.11423314402167101,0.0002717202512169831,0.1086538376055473,1.6270480491994986e-05,0.04665766010081809,0.11572672784060303,0.03261098021281985,0.007478921556356158,0.010262694034452463,0.06587092401989722,0.07583833239225812
0.11149321850071468,0.08806047394087613,0.001510420170374382,0.11052205791766155,0.08338415322297034,0.04185705996174543,0.1085415766029516,0.0011246308983736241,0.10397028534975866,5.5813413052834905e-06,0.042196418921149705,0.11317884943880467,0.03854557607746897,0.008970542255733812,0.0060624017611396715,0.06377269107052282,0.07680406256844857
0.11640260150533882,0.09970214597250786,0.0038911552643713866,0.10152490530201569,0.08473453548850049,0.03678083570648653,0.10600436415684376,0.0007156403160570318,0.10599671569648958,2.8149600416252017e-06,0.03736363325370289,0.10709119572946686,0.03613143744838086,0.007138408240398189,0.00761079536265119,0.06826376050913635,0.08064505508761094
0.11522759060304107,0.08829551174208689,0.0004872754159879684,0.1114354562600359,0.0766884672545638,0.03764936640927231,0.10685768188962161,0.001163313845020475,0.11259157496134149,8.04075794254931e-06,0.04814890398189745,0.11220752323160825,0.03314862123600499,0.0067057350874614756,0.007958319025637274,0.061565861230569834,0.07986075706790667
0.11047784034155357,0.09362005413102847,0.0014846094518060446,0.10701597730119256,0.08068086255425248,0.03962768579155283,0.10693421752238833,0.00141949275536225,0.1130548888547672,2.330183839952429e-06,0.04326973479533238,0.11002544539391716,0.03674866024690363,0.01167215875714869,0.006480859702864815,0.060637586072949355,0.07684759614314035
0.11863286836719791,0.08896703264676836,0.0007898308271288299,0.1061097841866685,0.07901859747813092,0.041083260113641495,0.11297618833023437,0.0005416575152598503,0.11107384963675182,1.0211315139340997e-05,0.03919221856803381,0.11531340900468218,0.03316386160068851,0.00848969596457419,0.0040900126307340575,0.06695056217436723,0.07359695963999868
0.11483992802000108,0.08873119205503413,0.0008786993834863095,0.1066147652289211,0.08191936931937617,0.03375717502885359,0.11029162625056106,0.0009627740022871778,0.10898405134578885,5.757959155520785e-06,0.037887652111506076,0.11070902557966839,0.03792678472882073,0.0072972245336460975,0.00893674728181073,0.06526708929459785,0.08499013787648524
0.10923156590257627,0.09611599285089024,0.0010260300813209576,0.11110940033325677,0.08222221124299402,0.038587924168674646,0.10908672035683326,0.0001579349543244938,0.10852658170732123,1.4236285058815483e-05,0.03976922209243213,0.11503220112755708,0.033170486940452264,0.009418683852079671,0.010233128549578864,0.06247977840232928,0.07381790115232018
0.11018906817127354,0.09178406141313471,0.0019152506525542533,0.10801107407468082,0.08584121013905824,0.03605975590712656,0.11038975424780101,0.0003773208775012761,0.10483364027497091,9.234597137069384e-06,0.041819715674374064,0.11453202912161538,0.035659873459375976,0.005307490462627445,0.006324316858430103,0.06717730383142248,0.07976890023691609
0.1111453241358395,0.0959976435275734,0.0028781522434209606,0.10366211073226647,0.08740074315359717,0.04060174345704338,0.10758726229785837,0.00041005821008703716,0.11170296523638427,5.428866099513621e-06,0.037295774555760795,0.1115100814295928,0.03379167472226847,0.0077255206372393624,0.007843491862823541,0.0646011360077999,0.07584088892434514
0.11815346529139718,0.08382263559486082,0.0004027042553046435,0.10913195154054905,0.08225225715036277,0.03726896082013817,0.10999180571100559,0.0011572059318486064,0.1130999668275492,8.76363984945846e-06,0.043345402493557096,0.11319958819575744,0.03398253436696309,0.0068764766192685725,0.007486598717776053,0.0601394839211345,0.07968019892267775
0.11546768547194743,0.09276582989016861,0.0008341530652356295,0.10204441851351677,0.08139019640395344,0.03730098619493728,0.11252641656859447,0.0001968552580382606,0.10875436318464857,1.1153047438010586e-05,0.04314771768664491,0.11233793705674451,0.03291094308924019,0.010643166782240563,0.008039984792805537,0.06607740545795894,0.07555078753588687
0.11605541708035137,0.08637354546554642,0.0013363485431762943,0.10601346498232378,0.0835082643079989,0.03487052780520341,0.11194864217710504,0.000597583419134152,0.10721405579190088,7.549881312977488e-06,0.04520167856109122,0.10955171023118704,0.03917793073704427,0.0065476542527518064,0.007963367245659195,0.06446490789816554,0.07916735162004762
0.11115433431839494,0.09046314453881579,0.0007950398758806101,0.1069946266529231,0.07593943245886797,0.03546066785042885,0.11204118590588823,0.00018100796761693328,0.10942861653227669,1.290225507268233e-05,0.04452534621089978,0.11768325744154588,0.037239163665290675,0.011969825994700846,0.011188912366501276,0.06343539875508167,0.071487137209814
0.11203509514052494,0.09153928550545117,0.0009565538402794177,0.11026372960031845,0.07472966384955348,0.035513030791976,0.11155373918831638,0.0019591416713154314,0.10783003990009388,2.428918381632851e-06,0.04469069231414352,0.1066525677083112,0.039325494893805046,0.009694654938070257,0.01161511381909001,0.06242040965781316,0.07921835826255587
0.11641462894290748,0.08357426903127703,0.0003503298823860192,0.10878288021393581,0.07816653354489676,0.040146430566032336,0.11544098445396696,0.0017446182739264142,0.10996350573896738,7.621864062436766e-06,0.039798168458073935,0.10909716726683343,0.034743858071563404,0.008515162420023465,0.008752271076134075,0.06261565105807718,0.08188591913693594
0.11041142755581411,0.09772238252772075,0.0015458169011665635,0.10656809435543979,0.07905791201140296,0.04187879848839574,0.10864688318009129,0.00044993331360654553,0.1091333149343693,8.472716280401843e-06,0.04519960760387553,0.10741302978144969,0.03500942376099301,0.006858980666264002,0.008461054384703192,0.06493723846794898,0.0766976293504782
0.110875893587247,0.0925939767157921,0.001119591374712279,0.11448114373574926,0.08310797430723038,0.03427218386954209,0.11159296776711886,0.001378945762295704,0.10351723938775831,1.8788597860095236e-05,0.04392890449557979,0.10991825302202317,0.03728146414547515,0.002830349067305058,0.0063771594732571915,0.06866643349605271,0.07803873119500083
0.11362893668978856,0.09091034514793787,0.0003337301721088043,0.11270675454363398,0.07810713464333634,0.03428303474348243,0.10532649579529536,0.0009744315842437973,0.10603461002040035,1.1005999638095752e-05,0.04579308956740338,0.11544819097371926,0.03844200320094065,0.00568872286769235,0.008514438580396268,0.06533187360616612,0.07846520186381638
0.11746156024442567,0.0901654378324477,5.785972204430992e-05,0.11239385979185734,0.06937116131486051,0.03879699678006905,0.10525205055238096,0.003573583019017085,0.10538533577563282,2.7448620855731184e-05,0.044062852965950625,0.1207924221329747,0.03824969180466278,0.008842029922371215,0.012162473391140518,0.06068048092840284,0.07272475520090617
0.10729842164375089,0.09193021705815071,0.0018785847103084936,0.11231622114912379,0.07594123696212465,0.033225325060041985,0.11299330432768369,0.00023322154646662172,0.10589971224717992,7.985042167721762e-06,0.047192704340948986,0.11477223105965727,0.029740815119606592,0.007108406843698487,0.015067522796736106,0.06370969264754439,0.08068439744480976
0.11873044043192445,0.09202947348450874,0.000873058558463076,0.1053939930683191,0.08018551539311275,0.03513033565694965,0.111263875310198,0.001253287166503971,0.1006039028290054,8.135426605832492e-06,0.04082262887647301,0.11374197074214817,0.039499291350959635,0.005750654734132484,0.007190293262098708,0.06708820318075354,0.08043494052784352
0.11772810946511382,0.08604743311304658,0.0010369160468351793,0.10854610942762843,0.07905098215452558,0.0373686361178842,0.10627101252396867,0.0017888795975440203,0.1126588936119704,5.975852919268698e-06,0.04251528043009269,0.10793039950871164,0.03983866351071165,0.006504323020523092,0.014530385404944493,0.06053104010590959,0.0776469601076706
0.10966633165930807,0.08968584110792993,0.0007790838187922782,0.11465602165692872,0.07691626777988954,0.03804762175346866,0.10927614249138683,0.0020814218997316954,0.10784822688348027,3.5082349711942882e-06,0.04432281868038684,0.10810825509652897,0.039507375714066324,0.009174371241117842,0.00982080469470129,0.06140379847865984,0.07870210880865174
0.11093885517786789,0.09198849166604933,0.0013423559777838861,0.11223848042250237,0.07881568723800855,0.03751899646611835,0.10679341370986756,0.000802463887316889,0.10444681419561637,6.477540154366931e-06,0.043636727466423796,0.11110143093006324,0.037087288237568954,0.0062712051971159895,0.00897697836372402,0.06573991355759409,0.08229441996622426
0.1131298756163831,0.09192950330054094,0.00044463563689201854,0.11101725728042541,0.07734974822271047,0.0334009675379767,0.11064327023555659,0.0005878897516772545,0.10282210115105299,8.406883013724528e-06,0.04103912176849768,0.11461745011759093,0.03720716657284841,0.008510015756226145,0.010886708614867692,0.07008423523708596,0.07632164631665406
0.10999287428219415,0.08816461657829355,0.0002776964410573167,0.1131898269111642,0.07716731597136386,0.039264908920215634,0.1118334816385644,0.0002510368390010381,0.11069261334787697,2.1021356324249513e-05,0.043038689564798685,0.11800161058477297,0.03124145087965702,0.011447444297073417,0.00515159826323035,0.06441737507000235,0.07584643905440984
0.11504397158903448,0.09114957491871939,0.0013469888957286515,0.1056607737416544,0.07911753101884166,0.036589108603507337,0.11530784259473947,0.00044630967810033097,0.1079990602108954,7.399944840843733e-06,0.040164396365316525,0.1066269640196414,0.03919146636395347,0.009752625608745579,0.008319443452412869,0.06558700201356121,0.07768954098030699
0.1125616725157196,0.09317370751928189,0.0010362450901425094,0.10739035122083265,0.0801673442910304,0.03676003637099641,0.11086434945456042,0.0010630057453989595,0.10942239627535087,5.95616555664216e-06,0.038057722752684264,0.10806738349812843,0.03955054161161102,0.008552214586781466,0.008574048327187368,0.06249138305476103,0.08226164151997613
0.1131120533000409,0.09708941795008631,0.0037447367015849397,0.10010745340260838,0.07581902940857084,0.04265515119067852,0.11010522842763065,0.0008841859421118791,0.10879626988821521,4.833775405372834e-06,0.04403454615151866,0.10478902116720248,0.043505497485497716,0.009418296333878957,0.008208642423259829,0.05924031489920247,0.07848532155250705
0.11453225404522942,0.09763779272428133,0.0017686031046841109,0.10710618456406365,0.07131647879846963,0.036185090547696565,0.11787149774187265,0.0002586037373001508,0.10645353133980719,5.592346502742086e-06,0.04440708341060475,0.1115684237498545,0.035563757630572984,0.013366022090690093,0.007035289241428554,0.06202143695342818,0.07290235797351353
0.11614440024687481,0.08681051460877101,0.0010475486378009565,0.1089408113574347,0.07663160243080155,0.0411559786985554,0.10866776478876546,0.0012890502022570116,0.1067144494099373,6.4164211438429615e-06,0.04118345164507204,0.11126545540297142,0.0391102045900634,0.008350008389894501,0.0071652496555224526,0.06140063978402735,0.08411645373010665
0.11193634552262337,0.089630994676306,0.000555711602727624,0.11246571879890752,0.0809502714310822,0.03583689611235344,0.10829493396151385,0.0014800452309944475,0.10747162361205513,2.9766700821999687e-06,0.04311398223728192,0.10929592654141577,0.03500821970890047,0.01082779862382159,0.00850622592456064,0.06409586391047835,0.08052646543489558
0.11589356054532558,0.09028622614879601,0.00037392922743701047,0.11685704325738767,0.07923175100443126,0.03634464849531006,0.10085273939809253,0.0015213658669403435,0.10472493292217333,9.494885444051326e-06,0.04245616821330482,0.11387940758873881,0.03893613455974733,0.005236293388431378,0.011712370584554694,0.06336115115120129,0.07832278276268374
0.11111235578783707,0.09295902950552261,0.00025731461483283094,0.10591998616672994,0.08265912881668352,0.046829982151947995,0.11457529835198346,0.001376831794118012,0.11548171069201343,4.388229075674504e-05,0.0432016776993585,0.11210561784399271,0.03008541041310294,0.009438190656624006,0.001954918705215053,0.06177467206821086,0.07022399244107025
0.11655521004491583,0.09614512159764094,0.0030134815092625854,0.10844811870463221,0.08593868860326224,0.03886030416563452,0.09910766513820074,0.0001769628643628365,0.1116653842602661,1.5927777649783088e-05,0.040234015913989875,0.11021099964396994,0.0366540178715965,0.0033686269272493463,0.010211659169796028,0.06605244047351227,0.07334137533405843
0.1095505092540773,0.09427757012319894,0.0009536871284316052,0.11824900541315421,0.08087315571336708,0.03748387006503497,0.10997539452033242,0.0009782654969509544,0.1063720720694793,1.256977901818851e-05,0.0415977768388217,0.11344878233799757,0.03832325035167547,0.004640014299477671,0.006704855179391617,0.06019858129481301,0.07636064013477802
0.11207129964385533,0.09512448303749604,0.0008559175338413971,0.1154778990624751,0.07267108956420185,0.03888424206480237,0.10466864227141971,0.00011600283894462894,0.10965118047959056,2.8567540167580444e-05,0.04649881767601448,0.11385010399601661,0.036965321266186235,0.005702643034405749,0.008927147194955104,0.062049336372578444,0.07645730642304868
