window,method,S_start,S_end,dS_actual,L_start,L_end,lc_start,lc_end,t_start,t_end,scale_contrib,tech_contrib,dS_model,tech_share,tech_share_p05,tech_share_p95,frontier_start,frontier_end,group
2023.50→2025.00,M1a,12.542837146292149,37.3019272700521,24.759090123759947,2.005647765517349,1.8689058131130614,23.34931476474829,24.639136220704486,2023.2327173169062,2024.62057951175,0.6318126114550093,4.835198715532476,5.467011326987485,0.8844318085941921,0.8004149848392835,0.920759516741557,huggyllama/llama-65b;bigcode/starcoder2-15b;tiiuae/falcon-40b,Qwen/Qwen2.5-72B;Qwen/Qwen2.5-32B;Qwen/Qwen2-72B,base
2023.50→2025.00,M1b,12.542837146292149,37.3019272700521,24.759090123759947,2.005647765517349,1.8689058131130614,23.34931476474829,24.639136220704486,2023.2327173169062,2024.62057951175,23.06313182792956,3.4038051694733076,26.46693699740287,0.12860593463487346,0.06066066963498815,0.2196220059936921,huggyllama/llama-65b;bigcode/starcoder2-15b;tiiuae/falcon-40b,Qwen/Qwen2.5-72B;Qwen/Qwen2.5-32B;Qwen/Qwen2-72B,base
2023.50→2025.00,M1c,12.542837146292149,37.3019272700521,24.759090123759947,2.005647765517349,1.8689058131130614,23.34931476474829,24.639136220704486,2023.2327173169062,2024.62057951175,20.11527202895761,6.037343349273609,26.152615378231218,0.23085046225621253,0.04170473610998724,0.4549241846087733,huggyllama/llama-65b;bigcode/starcoder2-15b;tiiuae/falcon-40b,Qwen/Qwen2.5-72B;Qwen/Qwen2.5-32B;Qwen/Qwen2-72B,base
2023.50→2025.00,M2,12.542837146292149,37.3019272700521,24.759090123759947,2.005647765517349,1.8689058131130614,23.34931476474829,24.639136220704486,2023.2327173169062,2024.62057951175,7.3584511417838705,6.18563841984026,13.54408956162413,0.4567038922547197,0.08678960088558187,0.5987604021576499,huggyllama/llama-65b;bigcode/starcoder2-15b;tiiuae/falcon-40b,Qwen/Qwen2.5-72B;Qwen/Qwen2.5-32B;Qwen/Qwen2-72B,base
2023.50→2025.00,M3_q75,12.542837146292149,37.3019272700521,24.759090123759947,2.005647765517349,1.8689058131130614,23.34931476474829,24.639136220704486,2023.2327173169062,2024.62057951175,7.398403349527685,4.4453887359691855,11.84379208549687,0.3753349184010682,-0.47378406456689,0.5823507409333605,huggyllama/llama-65b;bigcode/starcoder2-15b;tiiuae/falcon-40b,Qwen/Qwen2.5-72B;Qwen/Qwen2.5-32B;Qwen/Qwen2-72B,base
2023.50→2025.00,M3_q90,12.542837146292149,37.3019272700521,24.759090123759947,2.005647765517349,1.8689058131130614,23.34931476474829,24.639136220704486,2023.2327173169062,2024.62057951175,10.186473995321077,-3.149160363696229,7.037313631624848,-0.4474946731866941,-0.5470503184535925,0.5821799637932504,huggyllama/llama-65b;bigcode/starcoder2-15b;tiiuae/falcon-40b,Qwen/Qwen2.5-72B;Qwen/Qwen2.5-32B;Qwen/Qwen2-72B,base
2023.50→2025.00,M3_q50,12.542837146292149,37.3019272700521,24.759090123759947,2.005647765517349,1.8689058131130614,23.34931476474829,24.639136220704486,2023.2327173169062,2024.62057951175,6.241355046766204,5.874625497705013,12.115980544471217,0.48486587413560445,0.09146421968921516,0.6250087664016061,huggyllama/llama-65b;bigcode/starcoder2-15b;tiiuae/falcon-40b,Qwen/Qwen2.5-72B;Qwen/Qwen2.5-32B;Qwen/Qwen2-72B,base
2023.50→2025.00,OLS_lc,12.542837146292149,37.3019272700521,24.759090123759947,2.005647765517349,1.8689058131130614,23.34931476474829,24.639136220704486,2023.2327173169062,2024.62057951175,7.721858972987165,3.2352047493219653,10.95706372230913,0.29526201830285304,0.1093837811202239,0.46132136680101343,huggyllama/llama-65b;bigcode/starcoder2-15b;tiiuae/falcon-40b,Qwen/Qwen2.5-72B;Qwen/Qwen2.5-32B;Qwen/Qwen2-72B,base
2024.00→2025.00,M1a,19.306964637708628,37.3019272700521,17.99496263234347,2.0194317050057684,1.8689058131130614,23.30889517573822,24.639136220704486,2023.8715491672372,2024.62057951175,1.1444013955353238,2.6095606416393533,3.753962037174677,0.6951483834405987,0.5444130130817414,0.7758992791462025,01-ai/Yi-34B;01-ai/Yi-34B-200K;microsoft/phi-2,Qwen/Qwen2.5-72B;Qwen/Qwen2.5-32B;Qwen/Qwen2-72B,base
2024.00→2025.00,M1b,19.306964637708628,37.3019272700521,17.99496263234347,2.0194317050057684,1.8689058131130614,23.30889517573822,24.639136220704486,2023.8715491672372,2024.62057951175,24.170224786308747,1.8370363918099955,26.007261178118743,0.07063551902787786,0.03232245511894242,0.11940323840210391,01-ai/Yi-34B;01-ai/Yi-34B-200K;microsoft/phi-2,Qwen/Qwen2.5-72B;Qwen/Qwen2.5-32B;Qwen/Qwen2-72B,base
2024.00→2025.00,M1c,19.306964637708628,37.3019272700521,17.99496263234347,2.0194317050057684,1.8689058131130614,23.30889517573822,24.639136220704486,2023.8715491672372,2024.62057951175,22.468458792682128,3.085019870443147,25.553478663125276,0.1207279803706318,0.018486286247470275,0.2744752671068317,01-ai/Yi-34B;01-ai/Yi-34B-200K;microsoft/phi-2,Qwen/Qwen2.5-72B;Qwen/Qwen2.5-32B;Qwen/Qwen2-72B,base
2024.00→2025.00,M2,19.306964637708628,37.3019272700521,17.99496263234347,2.0194317050057684,1.8689058131130614,23.30889517573822,24.639136220704486,2023.8715491672372,2024.62057951175,7.589045515546321,3.3383940378652586,10.92743955341158,0.3055056055490146,0.04737738344875684,0.4384896632393504,01-ai/Yi-34B;01-ai/Yi-34B-200K;microsoft/phi-2,Qwen/Qwen2.5-72B;Qwen/Qwen2.5-32B;Qwen/Qwen2-72B,base
2024.00→2025.00,M3_q75,19.306964637708628,37.3019272700521,17.99496263234347,2.0194317050057684,1.8689058131130614,23.30889517573822,24.639136220704486,2023.8715491672372,2024.62057951175,7.630249719688235,2.399179881667922,10.029429601356156,0.23921399092761073,-0.20225273823694614,0.4218578145905634,01-ai/Yi-34B;01-ai/Yi-34B-200K;microsoft/phi-2,Qwen/Qwen2.5-72B;Qwen/Qwen2.5-32B;Qwen/Qwen2-72B,base
2024.00→2025.00,M3_q90,19.306964637708628,37.3019272700521,17.99496263234347,2.0194317050057684,1.8689058131130614,23.30889517573822,24.639136220704486,2023.8715491672372,2024.62057951175,10.505691116769423,-1.6996043850097164,8.806086731759706,-0.19300336651011923,-0.2270602055347049,0.42170039350955607,01-ai/Yi-34B;01-ai/Yi-34B-200K;microsoft/phi-2,Qwen/Qwen2.5-72B;Qwen/Qwen2.5-32B;Qwen/Qwen2-72B,base
2024.00→2025.00,M3_q50,19.306964637708628,37.3019272700521,17.99496263234347,2.0194317050057684,1.8689058131130614,23.30889517573822,24.639136220704486,2023.8715491672372,2024.62057951175,6.43694258695734,3.17054011326063,9.60748270021797,0.3300073715655713,0.05005626684705273,0.4658697955147487,01-ai/Yi-34B;01-ai/Yi-34B-200K;microsoft/phi-2,Qwen/Qwen2.5-72B;Qwen/Qwen2.5-32B;Qwen/Qwen2-72B,base
2024.00→2025.00,OLS_lc,19.306964637708628,37.3019272700521,17.99496263234347,2.0194317050057684,1.8689058131130614,23.30889517573822,24.639136220704486,2023.8715491672372,2024.62057951175,7.9638415858833715,1.7460426092427062,9.709884195126078,0.17982115689074238,0.060398281448107285,0.30946752255599724,01-ai/Yi-34B;01-ai/Yi-34B-200K;microsoft/phi-2,Qwen/Qwen2.5-72B;Qwen/Qwen2.5-32B;Qwen/Qwen2-72B,base
2024.50→2025.25,M1a,29.277026011758455,37.3019272700521,8.024901258293642,1.9068309703841197,1.8689058131130614,24.070624093114507,24.639136220704486,2024.3869495779145,2024.62057951175,0.00576362649488793,0.8139476384532696,0.8197112649481575,0.9929687113727144,0.9866674253394638,0.9953579948818823,Qwen/Qwen2-72B;01-ai/Yi-1.5-34B-32K;01-ai/Yi-1.5-34B,Qwen/Qwen2.5-72B;Qwen/Qwen2.5-32B;Qwen/Qwen2-72B,base
2024.50→2025.25,M1b,29.277026011758455,37.3019272700521,8.024901258293642,1.9068309703841197,1.8689058131130614,24.070624093114507,24.639136220704486,2024.3869495779145,2024.62057951175,6.434017473603285,0.572989724403234,7.007007198006519,0.08177381701081292,0.041807988149319936,0.20574874544902969,Qwen/Qwen2-72B;01-ai/Yi-1.5-34B-32K;01-ai/Yi-1.5-34B,Qwen/Qwen2.5-72B;Qwen/Qwen2.5-32B;Qwen/Qwen2-72B,base
2024.50→2025.25,M1c,29.277026011758455,37.3019272700521,8.024901258293642,1.9068309703841197,1.8689058131130614,24.070624093114507,24.639136220704486,2024.3869495779145,2024.62057951175,5.938483133494385,1.265396001953432,7.203879135447817,0.1756548073838236,0.04578008611843309,0.3476940343155699,Qwen/Qwen2-72B;01-ai/Yi-1.5-34B-32K;01-ai/Yi-1.5-34B,Qwen/Qwen2.5-72B;Qwen/Qwen2.5-32B;Qwen/Qwen2-72B,base
2024.50→2025.25,M2,29.277026011758455,37.3019272700521,8.024901258293642,1.9068309703841197,1.8689058131130614,24.070624093114507,24.639136220704486,2024.3869495779145,2024.62057951175,3.2433703867029884,1.0412779454091876,4.284648332112176,0.24302529979067744,0.03502563083631566,0.36302880283200006,Qwen/Qwen2-72B;01-ai/Yi-1.5-34B-32K;01-ai/Yi-1.5-34B,Qwen/Qwen2.5-72B;Qwen/Qwen2.5-32B;Qwen/Qwen2-72B,base
2024.50→2025.25,M3_q75,29.277026011758455,37.3019272700521,8.024901258293642,1.9068309703841197,1.8689058131130614,24.070624093114507,24.639136220704486,2024.3869495779145,2024.62057951175,3.2609800446300343,0.7483278095738867,4.009307854203921,0.1866476301612097,-0.13996144560793544,0.3474894174596231,Qwen/Qwen2-72B;01-ai/Yi-1.5-34B-32K;01-ai/Yi-1.5-34B,Qwen/Qwen2.5-72B;Qwen/Qwen2.5-32B;Qwen/Qwen2-72B,base
2024.50→2025.25,M3_q90,29.277026011758455,37.3019272700521,8.024901258293642,1.9068309703841197,1.8689058131130614,24.070624093114507,24.639136220704486,2024.3869495779145,2024.62057951175,4.489872592037774,-0.5301233293488146,3.959749262688959,-0.13387800443425604,-0.1561362969888317,0.34734916293545176,Qwen/Qwen2-72B;01-ai/Yi-1.5-34B-32K;01-ai/Yi-1.5-34B,Qwen/Qwen2.5-72B;Qwen/Qwen2.5-32B;Qwen/Qwen2-72B,base
2024.50→2025.25,M3_q50,29.277026011758455,37.3019272700521,8.024901258293642,1.9068309703841197,1.8689058131130614,24.070624093114507,24.639136220704486,2024.3869495779145,2024.62057951175,2.750990084942433,0.9889226548836447,3.7399127398260776,0.2644239915954921,0.037035741916549826,0.3889610126415032,Qwen/Qwen2-72B;01-ai/Yi-1.5-34B-32K;01-ai/Yi-1.5-34B,Qwen/Qwen2.5-72B;Qwen/Qwen2.5-32B;Qwen/Qwen2-72B,base
2024.50→2025.25,OLS_lc,29.277026011758455,37.3019272700521,8.024901258293642,1.9068309703841197,1.8689058131130614,24.070624093114507,24.639136220704486,2024.3869495779145,2024.62057951175,3.403548958974515,0.5446078683724642,3.9481568273469794,0.13793977599882254,0.04481354910072242,0.24646536191975232,Qwen/Qwen2-72B;01-ai/Yi-1.5-34B-32K;01-ai/Yi-1.5-34B,Qwen/Qwen2.5-72B;Qwen/Qwen2.5-32B;Qwen/Qwen2-72B,base
