scenario,g_dex_per_yr,horizon_months,date,group,posttrain,S_anchor,lc_path,p05,p25,p50,p75,p95,mean,scale_part_p50,tech_part_p50,tech_share_p50
基线 0.60 dex/yr,0.6,12,2026.25,base,-,37.3019272700521,25.239136220704488,37.35213809649988,40.58551047345814,43.06710957232218,45.70041891715858,52.8298336615571,43.68125629629796,2.8004372104846063,2.5637784063108136,0.47794096834653593
基线 0.60 dex/yr,0.6,12,2026.25,chat,linear,46.05722269168702,25.240090741922987,48.92209499226776,52.422337104068006,55.03015868614686,58.051994694320676,65.6460332541189,55.77632274015105,2.7836054324715676,6.124064952944231,0.6875046659753977
基线 0.60 dex/yr,0.6,12,2026.25,chat,plateau,46.05722269168702,25.240090741922987,46.0938506617782,49.33591210635197,51.7513756628701,54.404317929524765,61.102960490933086,52.36532092637803,2.783551906121346,2.564027071528722,0.47947437190641623
基线 0.60 dex/yr,0.6,24,2027.25,base,-,37.3019272700521,25.839136220704486,37.54845583059781,42.4052950443092,46.18824572566501,50.15644101176051,68.49018246399955,48.0603420022908,3.9256595518695576,4.786316962871155,0.5493950718040481
基线 0.60 dex/yr,0.6,24,2027.25,chat,linear,46.05722269168702,25.840090741922985,51.7912845573391,57.49441238245438,61.618860184367676,66.09825536163716,79.62196199649138,63.11742991392719,3.844045935006383,11.488968460071979,0.7492961373439878
基线 0.60 dex/yr,0.6,24,2027.25,chat,plateau,46.05722269168702,25.840090741922985,46.42648284586531,51.126626136210525,54.84939616763509,58.599297173705594,70.11850225747638,56.208329481728725,3.844045298116354,4.744146312789145,0.5524034078099643
减半 0.30 dex/yr,0.3,12,2026.25,base,-,37.3019272700521,24.939136220704487,36.95459931616145,39.67848385772285,41.73330305482382,44.234427397749656,49.65744827105554,42.27437398968936,1.6841630464755077,2.6292738603285137,0.6095542642993325
减半 0.30 dex/yr,0.3,12,2026.25,chat,linear,46.05722269168702,24.940090741922987,48.36460454561936,51.78256059988858,54.06714680287507,56.601036046419225,61.94856787286432,54.4319441619401,1.681950651705872,6.164057186662275,0.7856297512881796
减半 0.30 dex/yr,0.3,12,2026.25,chat,plateau,46.05722269168702,24.940090741922987,45.54574029097682,48.46906120810787,50.56634729199557,52.93587911162361,58.007271794572134,50.98305421562327,1.6718364007577051,2.6202543783121612,0.6104843800344767
减半 0.30 dex/yr,0.3,24,2027.25,base,-,37.3019272700521,25.239136220704488,37.74598800081663,42.06150483090293,45.24549034739283,48.3374357895879,58.27779166624513,46.08656476707552,2.61821191928847,4.968651334082249,0.6549019229883652
减半 0.30 dex/yr,0.3,24,2027.25,chat,linear,46.05722269168702,25.240090741922987,51.51670624194055,56.829941048952556,60.6940377323198,64.66987412133571,75.32516755329472,61.54747195947154,2.5249167238160766,11.834371662626385,0.824161430854748
减半 0.30 dex/yr,0.3,24,2027.25,chat,plateau,46.05722269168702,25.240090741922987,46.199510721821284,50.65713434852444,53.95977121187568,57.201888663764194,67.64016777757851,54.86124535551603,2.547885037261821,4.954444467000862,0.6603874788738403
1/4 0.15 dex/yr,0.15,12,2026.25,base,-,37.3019272700521,24.789136220704485,36.62947148384074,39.26704163090837,41.093022312155625,43.203903008419644,47.58622675158452,41.4465363928029,0.913944319132959,2.656959316348079,0.7440579717548605
1/4 0.15 dex/yr,0.15,12,2026.25,chat,linear,46.05722269168702,24.790090741922985,47.75741270545418,51.08264919191408,53.30343881610441,55.68177928658747,59.94232403516129,53.514495990561564,0.8848000633914239,6.224329311983606,0.8755403064605576
1/4 0.15 dex/yr,0.15,12,2026.25,chat,plateau,46.05722269168702,24.790090741922985,45.46787496522687,48.03387250253804,49.84000443443644,52.001247897277345,56.32391658512851,50.26559523340569,0.8944276172793408,2.656959316348079,0.7481469538533881
1/4 0.15 dex/yr,0.15,24,2027.25,base,-,37.3019272700521,24.939136220704487,37.53410701881621,41.48921915537289,44.11290873666758,46.8533137928737,54.86297686696349,44.79997510888975,1.5458073104141938,5.089039443265062,0.7670168780376141
1/4 0.15 dex/yr,0.15,24,2027.25,chat,linear,46.05722269168702,24.940090741922987,50.87529223268933,56.2068149755411,59.76771916274248,63.43277397110938,71.60505890190863,60.32880660368243,1.545411601226089,11.932655048202845,0.8853387773318684
1/4 0.15 dex/yr,0.15,24,2027.25,chat,plateau,46.05722269168702,24.940090741922987,46.111642982792056,49.94674895795351,52.72580620679908,55.46154819358142,63.252719690692274,53.37011979423449,1.5124941319090794,4.908424453033321,0.7644427176734484
