task,family,chance,n_models,mean_norm,F_start,F_end,gain,slope_per_month,headroom_end,closure_rate_per_month,se_median,scale_rho_base,status,weight_in_desat
bbh_tracking_shuffled_objects_three_objects,bbh,0.3333333333333333,1859,0.016150618612157077,0.1432,0.19360000000000005,0.050400000000000056,0.006603636363636374,0.8064,0.00770732535438419,0.04476605857119878,0.11836786925947772,低位停滞,0.02066797279416155
gpqa_diamond,gpqa,0.25,1855,0.06395607467305581,0.2202020202020202,0.261952861952862,0.04175084175084179,0.004979083766962556,0.7380471380471381,0.006385094467996024,0.043011780164013226,0.32387547689193963,低位停滞,0.06475200515236162
musr_object_placements,musr,0.2,1855,0.12152501684636116,0.33105468749999994,0.34179687499999994,0.0107421875,0.001408617424242412,0.658203125,0.00210572882105727,0.03534165901660795,0.6463390625352021,低位停滞,0.06259590423575975
mmlu_pro,mmlu_pro,0.1,1855,0.24444241929676996,0.4822140957446809,0.6356382978723405,0.15342420212765961,0.02110600687728348,0.3643617021276595,0.04076203446989965,0.004788039141947918,0.7881376745591607,常规增长,0.2
bbh_disambiguation_qa,bbh,0.3333333333333333,1859,0.30118235610543304,0.6916,0.7935999999999999,0.10199999999999987,0.011890909090909048,0.20640000000000014,0.038556773965334135,0.045737332830608206,0.7052551949175934,常规增长,0.007439312336273836
bbh_logical_deduction_five_objects,bbh,0.2,1859,0.24416890801506183,0.529,0.721,0.19199999999999995,0.01785454545454546,0.279,0.037907739818567855,0.03845014505328262,0.7329319536255946,常规增长,0.011361595688667238
math_geometry_hard,math,0.0,1856,0.0548817920585162,0.12575757575757576,0.4121212121212121,0.2863636363636364,0.03204775022956841,0.5878787878787879,0.03665773856415104,0.013021046909063711,0.5512604825671886,常规增长,0.0339039148165871
bbh_logical_deduction_seven_objects,bbh,0.14285714285714285,1859,0.2578031199569661,0.5324,0.6817333333333334,0.14933333333333343,0.015419797979798013,0.3182666666666666,0.032976471299824665,0.03581239231196034,0.6877653183151725,常规增长,0.011279579923611043
bbh_formal_fallacies,bbh,0.5,1859,0.12989779451317915,0.46559999999999996,0.6256,0.1600000000000001,0.01727999999999999,0.37439999999999996,0.032335329341317345,0.06307972898511328,0.5564995153772184,常规增长,0.012890948484126905
math_precalculus_hard,math,0.0,1856,0.04331158205619413,0.14222222222222222,0.34518518518518515,0.20296296296296293,0.022455667789001123,0.6548148148148148,0.026178887318783695,0.01273389971505968,0.6093028655447944,常规增长,0.033265400880699895
bbh_object_counting,bbh,0.05263157894736842,1859,0.3051282648974956,0.6199999999999999,0.7052888888888889,0.08528888888888897,0.009073939393939419,0.29471111111111115,0.023878787878787937,0.032259963433270505,0.7726271894697931,常规增长,0.00916646785922198
bbh_geometric_shapes,bbh,0.09090909090909091,1859,0.26495825712748794,0.48256,0.5952,0.11263999999999996,0.011957333333333328,0.40480000000000005,0.02310863739435167,0.03329291686309593,0.7083679092461052,常规增长,0.012481834550199526
math_intermediate_algebra_hard,math,0.0,1856,0.035160098522167484,0.13714285714285718,0.3042857142857143,0.16714285714285715,0.018532467532467532,0.6957142857142857,0.021478025285972306,0.0071043508939153096,0.2605916624495902,常规增长,0.033462383269334685
bbh_salient_translation_error_detection,bbh,0.16666666666666666,1859,0.29492415277030665,0.60544,0.6784,0.07296000000000002,0.007645090909090913,0.3216,0.01937624419376245,0.03719183742549342,0.7423874651458717,常规增长,0.009517688311933219
musr_murder_mysteries,musr,0.5,1855,0.07684743935309975,0.20959999999999995,0.3632,0.15360000000000007,0.014400000000000001,0.6368,0.01821862348178138,0.06320795029044747,0.5561868739253512,常规增长,0.07396090798968638
gpqa_main,gpqa,0.25,1855,0.06492722371967655,0.18392857142857139,0.2702380952380953,0.08630952380952389,0.009740259740259749,0.7297619047619047,0.011935548040580874,0.028686148346571377,0.5983271792593728,常规增长,0.06776403981098023
bbh_tracking_shuffled_objects_five_objects,bbh,0.2,1859,0.024739107046799345,0.141,0.20799999999999996,0.06699999999999998,0.008533333333333329,0.792,0.009934031819945668,0.03144607164156991,0.012453812866160369,常规增长,0.020721041818609676
bbh_tracking_shuffled_objects_seven_objects,bbh,0.14285714285714285,1859,0.04528527882374037,0.18706666666666666,0.2608,0.07373333333333332,0.007161212121212126,0.7392000000000001,0.008809101346414785,0.02654402857372638,0.10832262530287774,常规增长,0.01960980860971101
bbh_causal_judgement,bbh,0.5,1859,0.1623062252432882,0.4160427807486631,0.4502673796791443,0.03422459893048124,0.004329930319235128,0.5497326203208557,0.007414807414807408,0.07202780871714887,0.6159304970468606,常规增长,0.014086381793231632
gpqa_extended,gpqa,0.25,1855,0.06730938064630788,0.18730158730158727,0.24053724053724052,0.05323565323565324,0.005988085988085981,0.7594627594627594,0.007368152680652672,0.025995698205729167,0.5512244995408172,常规增长,0.06748395503665816
bbh_web_of_lies,bbh,0.5,1859,0.03863367401828941,0.2016,0.7808,0.5792,0.07146666666666666,0.21919999999999995,0.0895123580494322,0.06333997006021486,0.06558347614743985,快速增长,0.019259231417902173
math_algebra_hard,math,0.0,1856,0.20088625322924858,0.4254071661237785,0.8254071661237786,0.40000000000000013,0.041306879873655125,0.17459283387622138,0.07188895760324333,0.01793996920940099,0.5554692743795372,快速增长,0.02228323169153228
musr_team_allocation,musr,0.3333333333333333,1855,0.07923989218328842,0.322,0.6447999999999999,0.3227999999999999,0.04374545454545452,0.35520000000000007,0.06452131938857598,0.045628146037762406,-0.06325676104812798,快速增长,0.06344318777455385
math_num_theory_hard,math,0.0,1856,0.10329951298701298,0.2883116883116883,0.6662337662337663,0.377922077922078,0.04406926406926408,0.3337662337662337,0.061922141119221424,0.016839967582612466,0.4438447083007438,快速增长,0.02759991877121525
bbh_date_understanding,bbh,0.16666666666666666,1859,0.3510566971490048,0.64384,0.8128,0.16896,0.02013090909090908,0.18720000000000003,0.05652209425794328,0.037316025821790354,0.7434265180113159,快速增长,0.008591392612474998
math_prealgebra_hard,math,0.0,1856,0.2054523907897088,0.47357512953367875,0.7637305699481864,0.2901554404145077,0.02860731669021823,0.23626943005181356,0.05434263898830825,0.025416343096306426,0.6905881198677786,快速增长,0.020415234345426712
bbh_navigate,bbh,0.5,1859,0.19711242603550297,0.41600000000000004,0.6607999999999998,0.2447999999999998,0.030206060606060597,0.33920000000000017,0.05172270651722705,0.06229041969309702,0.3639001160625575,快速增长,0.014087413762593773
bbh_penguins_in_a_table,bbh,0.2,1859,0.3134886188626968,0.6335616438356164,0.7825342465753424,0.148972602739726,0.018638439186384383,0.21746575342465757,0.05086377796658168,0.05064138645736479,0.6994841593723231,快速增长,0.008839330037281466
math_counting_and_prob_hard,math,0.0,1856,0.08652798219792543,0.2504065040650406,0.5902439024390244,0.33983739837398375,0.03805863513180587,0.40975609756097564,0.05077236573982779,0.016058998205879745,0.6213226999881336,快速增长,0.029069916225204072
bbh_temporal_sequences,bbh,0.25,1859,0.23543266989420839,0.9797333333333335,1.0,0.020266666666666544,0.0020428282828283345,0.0,0.10079744816587238,0.03522848224979718,0.22520704014729334,饱和,0.0
bbh_logical_deduction_three_objects,bbh,0.3333333333333333,1859,0.37792038730500266,0.8139999999999998,0.9603999999999999,0.14640000000000009,0.01522909090909091,0.03960000000000008,0.08187683284457471,0.04527985269676751,0.6907217199200772,饱和,0.0
bbh_hyperbaton,bbh,0.5,1859,0.2671586874663798,0.7727999999999999,0.9007999999999999,0.128,0.014749090909090901,0.09920000000000007,0.06491677336747753,0.06126065188911654,0.5264528102497916,饱和,0.0
bbh_movie_recommendation,bbh,0.16666666666666666,1859,0.4957379236148467,0.9222400000000001,0.96064,0.03839999999999999,0.003979636363636383,0.03935999999999995,0.05117845117845147,0.03612540407077973,0.7390710118037686,饱和,0.0
bbh_boolean_expressions,bbh,0.5,1859,0.5343259817105971,0.8256,0.9119999999999999,0.08639999999999992,0.00868848484848482,0.08800000000000008,0.049819293855990945,0.05069794004195824,0.7062628073132421,饱和,0.0
bbh_reasoning_about_colored_objects,bbh,0.05555555555555555,1859,0.45041774515077676,0.8238117647058824,0.8992000000000001,0.07538823529411776,0.008414117647058825,0.10079999999999989,0.04775641025641027,0.031088189197291605,0.7388398889434439,饱和,0.0
bbh_ruin_names,bbh,0.16666666666666666,1859,0.4322719741796665,0.8732800000000001,0.9136,0.04031999999999991,0.005230545454545466,0.08640000000000003,0.04127640036730957,0.03429235047652489,0.5868051392922997,饱和,0.0
bbh_snarks,bbh,0.5,1859,0.22723344071658677,0.750561797752809,0.8337078651685393,0.08314606741573038,0.009574395641811376,0.16629213483146066,0.038383838383838395,0.07361128911701846,0.5464797900469899,饱和,0.0
bbh_sports_understanding,bbh,0.5,1859,0.36897256589564287,0.8288,0.8911999999999999,0.0623999999999999,0.006438787878787884,0.10880000000000012,0.037609742282639504,0.057153917460874885,0.7627164386500482,饱和,0.0
ifeval,ifeval,0.0,1855,0.45559501557880727,0.8036478765231807,0.8554149656245429,0.051767089101362185,0.0052184607548376475,0.1445850343754571,0.026577052809177906,0.019744473483514303,0.4904240824342833,饱和,0.0
