group,dim,n,lo,hi,k,L0,wRMSE,RMSE_High,RMSE_Medium,wRMSE_linear,slope_at_1p9
base,Average,44,8.625762771240895,21.571614719247712,46.11936020322689,2.0700000000000003,6.9888678464227825,3.7137913479538303,7.880812339879963,7.820646845710356,-0.23478855361857126
base,IFEval,44,20.80318706404706,25.14044173360546,109.32712802343052,2.25,6.128622522175157,2.0345713259695377,7.085592516105115,6.2647343370475435,-1.1425728886755458e-14
base,BBH,44,9.102652948613786,34.11650890212414,34.40221952983541,2.075,11.31901144945608,7.523826257270696,12.45707176574324,12.827982788271688,-2.0798816901124035
base,MATH,44,3.7407842867224095,13.244469150951502,109.32712802343052,2.045,8.086406967662606,2.512047991884906,9.36719905118938,8.695166000863008,-0.00013551751578828373
base,GPQA,44,2.2949612526146717,11.660435081247053,109.32712802343052,2.045,4.285725107627924,1.6927874404475818,4.922705293774773,5.100872889004541,-0.00013354669957686973
base,MUSR,44,5.5606220940663125,11.017940090390127,27.671892045131223,2.11,4.701845650924041,3.602190692054986,5.055941353346664,4.900445632780853,-0.44946286708852146
base,MMLU-PRO,44,8.121414674759434,33.52923665797849,38.22649684137068,2.075,12.14661889477114,8.937835694093817,13.158256253888382,14.021638768429577,-1.204980179610792
chat,Average,31,12.095749957131918,35.111622905838665,13.856935500464248,2.155,8.127395583340435,,8.127395583340435,8.637961693744066,-8.792366980095682
chat,IFEval,31,19.350648074585237,100.0,2.7123606450391833,2.075,15.03169013449445,,15.03169013449445,15.06537449007018,-51.719270462102216
chat,BBH,31,11.560983539355721,47.199340023847874,13.856935500464248,2.14,9.534911727611165,,9.534911727611165,10.75933060829931,-16.542101418045885
chat,MATH,31,5.730811265476333,27.229677966163216,109.32712802343052,2.2,16.256228697087355,,16.256228697087355,17.260882253853026,-1.339963534155526e-11
chat,GPQA,31,1.7344971763413717,10.817462882440147,14.827592135989107,2.165,3.7918211905407224,,3.7918211905407224,4.103180259427132,-2.5463110100872854
chat,MUSR,31,3.2834750547998555,10.848471552163934,6.9926421417129125,2.37,3.5868722691420007,,3.5868722691420007,3.6741436903858578,-1.8375742254221126
chat,MMLU-PRO,31,11.547863124253395,42.29840779302594,13.856935500464248,2.13,8.15993076047252,,8.15993076047252,9.248095808980946,-16.226968731903707
all,Average,75,9.271423021370493,26.702144117283318,18.5765048997654,2.125,9.307285908622568,8.343380602121302,9.493596001385283,10.079946064732408,-4.806860984713979
all,IFEval,75,25.716284652580008,41.491159113458046,109.32712802343052,2.225,19.29193041986011,12.518785455966452,20.409255273084877,19.77959433308824,-6.392034551125115e-13
all,BBH,75,9.504176598487737,39.022520947718924,19.290283391596112,2.11,12.061379328634514,12.203733072112833,12.03186213328646,13.555684425392966,-9.574871109031717
all,MATH,75,6.799903011516181,21.061907038532084,109.32712802343052,2.045,13.596448876749472,5.5658097884116495,14.71549067177279,14.353218779218905,-0.00020336862843362723
all,GPQA,75,3.0511650159435986,11.525196793475292,109.32712802343052,2.04,4.265354845101626,2.4105743450062374,4.5544007464994225,4.808300955199143,-0.00020873450814361684
all,MUSR,75,5.33838627219308,10.87124927190978,17.494693472553074,2.155,4.369772148069034,4.110274676573833,4.421307858971959,4.495132631697718,-1.0925236710609576
all,MMLU-PRO,75,9.075741796920639,36.694772886086405,21.10693201247019,2.1,11.718708217951647,13.139398666441377,11.404264466813972,13.369033455319796,-8.310975482191122
