backtest,setting,tech_form,n_train,S_anchor,pred,actual,error
发布日轴 2024.5→2025.25,情景 0.60,M1b,42,29.277026011758455,36.51770497651772,37.3019272700521,-0.784222293534377
发布日轴 2024.5→2025.25,情景 0.60,M1c,42,29.277026011758455,35.43466837356622,37.3019272700521,-1.867258896485879
发布日轴 2024.5→2025.25,情景 0.30,M1b,42,29.277026011758455,34.21158758493661,37.3019272700521,-3.090339685115488
发布日轴 2024.5→2025.25,情景 0.30,M1c,42,29.277026011758455,34.950621328363056,37.3019272700521,-2.3513059416890414
发布日轴 2024.5→2025.25,实际算力增速 0.76,M1b,42,29.277026011758455,37.514321233379746,37.3019272700521,0.21239396332764926
发布日轴 2024.5→2025.25,实际算力增速 0.76,M1c,42,29.277026011758455,35.629550298679405,37.3019272700521,-1.6723769713726924
发布日轴 2024.5→2025.25,实际前沿 L̂（神谕规模）,M1b,42,29.277026011758455,37.24830330727991,37.3019272700521,-0.05362396277218551
发布日轴 2024.5→2025.25,实际前沿 L̂（神谕规模）,M1c,42,29.277026011758455,35.578242366267546,37.3019272700521,-1.7236849037845516
发布日轴 2024.5→2025.25,朴素线性外推(前沿序列),-,5,29.277026011758455,39.95286251143989,37.3019272700521,2.650935241387792
提交日轴 C1 月度前沿(全类型 top-5),线性趋势 → 2025-01,-,7,49.8910039153712,53.64430199521575,49.8910039153712,3.753298079844548
提交日轴 C1 月度前沿(全类型 top-5),线性趋势 → 2025-02,-,7,49.8910039153712,55.721292741133475,49.8910039153712,5.830288825762274
提交日轴 C1 月度前沿(全类型 top-5),线性趋势 → 2025-03,-,7,49.8910039153712,57.7982834870512,49.8910039153712,7.90727957168
