scenario,horizon_months,tech_form,p05,p25,p50,p75,p95
基线 0.60 dex/yr,12,M1b,39.36391428434188,41.7410341644536,42.653665368370014,44.18407256793269,48.74035423424934
基线 0.60 dex/yr,12,M1c,37.46835543731563,39.971402824062295,43.33511040494706,45.9535452833713,54.00821496338864
基线 0.60 dex/yr,24,M1b,41.26126591203811,44.48310364438807,46.58982996627664,49.49824927235508,59.094366410973244
基线 0.60 dex/yr,24,M1c,37.39845425795327,40.116218939607464,44.71884289428856,49.34958193903734,69.60832338284516
减半 0.30 dex/yr,12,M1b,39.3077099937807,40.88262331122136,41.72605461063597,42.51588327626909,44.58445543566495
减半 0.30 dex/yr,12,M1c,37.487690632078575,39.61065523119474,42.220680248812045,44.73225007426642,51.27228066383018
减半 0.30 dex/yr,24,M1b,41.354612658907854,43.86904018216116,45.42755021444554,47.128084575424126,51.57996409946204
减半 0.30 dex/yr,24,M1c,37.50030934015496,40.117415551842264,44.76765587659979,48.73001840779045,68.54040278192234
1/4 0.15 dex/yr,12,M1b,38.77609128641631,40.21236790927912,40.84915833581168,41.54518231353485,42.76032615616156
1/4 0.15 dex/yr,12,M1c,37.37846495496712,39.1600691760327,41.34249163273682,44.22890024550715,49.28095106245421
1/4 0.15 dex/yr,24,M1b,40.15833086739876,42.91999376012462,44.22501524969613,45.40508058473668,47.80482179833122
1/4 0.15 dex/yr,24,M1c,37.393400808809076,40.04247016302166,44.217325767962784,47.9364861880724,61.882151880673185
