group,method,window,n_fit,n_cluster_fit,n_boot_ok,a,b_N,b_T,b_N_p05,b_N_p95,b_T_p05,b_T_p95,S_start,S_end,dS_obs,dlnN_frontier,dt,scale_contrib_log,tech_contrib_log,scale_contrib_score,tech_contrib_score,dS_model_score,tech_share,tech_share_p05,tech_share_p95,frontier_start,frontier_end,ref_M1b_tech_share,ref_M1c_tech_share,ref_M2_tech_share,ref_M3_q90_tech_share
base,QR-A 全样本,2023.50→2025.00,58,51,400,0.07095797522988923,0.11602490489076561,0.39388382459599103,0.07037477297667132,0.3019500124343509,0.19502400892450128,0.6628497227990264,12.542837146292149,37.3019272700521,24.759090123759947,0.47485361087419165,1.3878621948438195,0.05509484503871471,0.5466564693172701,0.7104366696855877,9.641326110494347,10.351762780179934,0.9084425015379,0.7372213886708283,0.9489965971885832,huggyllama/llama-65b;bigcode/starcoder2-15b;tiiuae/falcon-40b,Qwen/Qwen2.5-72B;Qwen/Qwen2.5-32B;Qwen/Qwen2-72B,0.1286059346348734,0.2308504622562125,0.4567038922547197,-0.4474946731866941
base,QR-A 全样本,2024.00→2025.00,58,51,400,0.07095797522988923,0.11602490489076561,0.39388382459599103,0.07037477297667132,0.3019500124343509,0.19502400892450128,0.6628497227990264,19.306964637708628,37.3019272700521,17.99496263234347,1.3214179188383355,0.749030344512903,0.1533173883541713,0.295030936835195,3.1990655405978954,7.723347370371108,10.922412910969006,0.6580395649087893,0.35237363381501124,0.7830141135322966,01-ai/Yi-34B;01-ai/Yi-34B-200K;microsoft/phi-2,Qwen/Qwen2.5-72B;Qwen/Qwen2.5-32B;Qwen/Qwen2-72B,0.1286059346348734,0.2308504622562125,0.4567038922547197,-0.4474946731866941
base,QR-A 全样本,2024.50→2025.25,58,51,400,0.07095797522988923,0.11602490489076561,0.39388382459599103,0.07037477297667132,0.3019500124343509,0.19502400892450128,0.6628497227990264,29.277026011758455,37.3019272700521,8.024901258293642,0.2334269240448279,0.23362993383557296,0.027083336661245124,0.09202305187926381,0.8037546007626555,2.89948932021565,3.7032439209783043,0.7726122251449686,0.4899834844682183,0.864346377841859,Qwen/Qwen2-72B;01-ai/Yi-1.5-34B-32K;01-ai/Yi-1.5-34B,Qwen/Qwen2.5-72B;Qwen/Qwen2.5-32B;Qwen/Qwen2-72B,0.1286059346348734,0.2308504622562125,0.4567038922547197,-0.4474946731866941
base,QR-B 累计前沿样本,2023.50→2025.00,9,7,400,0.8710558323143491,0.0804436401341587,0.47842665606475954,-0.2747146314025986,0.36691425275341866,0.2511895756645082,0.7638616566463198,12.542837146292149,37.3019272700521,24.759090123759947,0.47485361087419165,1.3878621948438195,0.038198952989569296,0.6639902689578263,0.488391890558903,12.282299542447435,12.770691433006336,0.9456002003510801,0.666765505547631,1.14031542708948,huggyllama/llama-65b;bigcode/starcoder2-15b;tiiuae/falcon-40b,Qwen/Qwen2.5-72B;Qwen/Qwen2.5-32B;Qwen/Qwen2-72B,0.1286059346348734,0.2308504622562125,0.4567038922547197,-0.4474946731866941
base,QR-B 累计前沿样本,2024.00→2025.00,9,7,400,0.8710558323143491,0.0804436401341587,0.47842665606475954,-0.2747146314025986,0.36691425275341866,0.2511895756645082,0.7638616566463198,19.306964637708628,37.3019272700521,17.99496263234347,1.3214179188383355,0.749030344512903,0.10629966752985998,0.358356083016343,2.1653746142792873,9.254043034401304,11.419417648680593,0.7712292005319966,0.2795685747002952,2.7357170590088677,01-ai/Yi-34B;01-ai/Yi-34B-200K;microsoft/phi-2,Qwen/Qwen2.5-72B;Qwen/Qwen2.5-32B;Qwen/Qwen2-72B,0.1286059346348734,0.2308504622562125,0.4567038922547197,-0.4474946731866941
base,QR-B 累计前沿样本,2024.50→2025.25,9,7,400,0.8710558323143491,0.0804436401341587,0.47842665606475954,-0.2747146314025986,0.36691425275341866,0.2511895756645082,0.7638616566463198,29.277026011758455,37.3019272700521,8.024901258293642,0.2334269240448279,0.23362993383557296,0.01877771147548573,0.11177478800158419,0.5549495825958422,3.527958862795121,4.082908445390963,0.856167353741214,0.4065967721253279,1.5608578197574463,Qwen/Qwen2-72B;01-ai/Yi-1.5-34B-32K;01-ai/Yi-1.5-34B,Qwen/Qwen2.5-72B;Qwen/Qwen2.5-32B;Qwen/Qwen2-72B,0.1286059346348734,0.2308504622562125,0.4567038922547197,-0.4474946731866941
chat,QR-A 全样本,2023.50→2025.00,39,32,400,-2.422872909786378,0.20371391954311144,0.7999843158647776,0.11216355252353781,0.34991030423932123,0.3353120691055035,0.9510837749238532,8.763897035624924,46.05722269168702,37.2933256560621,1.2997854022681636,1.4526579968057831,0.2647843788609674,1.1621036137601726,2.6567750253157842,25.08722758130671,27.744002606622495,0.8144322608149723,0.6590714502812322,0.8665135762770485,tiiuae/falcon-40b-instruct;huggyllama/llama-13b;huggyllama/llama-7b,Qwen/Qwen2.5-72B-Instruct;Qwen/Qwen2.5-32B-Instruct;Qwen/Qwen2-72B-Instruct,,,,
chat,QR-A 全样本,2024.00→2025.00,39,32,400,-2.422872909786378,0.20371391954311144,0.7999843158647776,0.11216355252353781,0.34991030423932123,0.3353120691055035,0.9510837749238532,14.701117944585782,46.05722269168702,31.35610474710124,0.7564608686626215,1.2235911476159345,0.15410160853624946,0.9788537271237314,2.449344708104442,28.493843785386105,30.943188493490545,0.8639826269528263,0.7366943957957763,0.9037996526794604,01-ai/Yi-34B-Chat;tiiuae/falcon-40b-instruct;huggyllama/llama-13b,Qwen/Qwen2.5-72B-Instruct;Qwen/Qwen2.5-32B-Instruct;Qwen/Qwen2-72B-Instruct,,,,
chat,QR-A 全样本,2024.50→2025.25,39,32,400,-2.422872909786378,0.20371391954311144,0.7999843158647776,0.11216355252353781,0.34991030423932123,0.3353120691055035,0.9510837749238532,37.94367361881447,46.05722269168702,8.113549072872551,0.16678263321736253,0.25188227241596906,0.033975943924430055,0.20150186737715453,1.311322697410456,8.763227331598634,10.074550029009085,0.8557148814292491,0.7231685856210202,0.8976655273752964,Qwen/Qwen2-72B-Instruct;microsoft/Phi-3.5-MoE-instruct;01-ai/Yi-1.5-34B-Chat,Qwen/Qwen2.5-72B-Instruct;Qwen/Qwen2.5-32B-Instruct;Qwen/Qwen2-72B-Instruct,,,,
chat,QR-B 累计前沿样本,2023.50→2025.00,9,9,400,-0.25330163998731986,0.11284992310451718,0.8417546049420604,0.047918127598780794,0.4893338745967872,0.672998429841516,1.3473497936436523,8.763897035624924,46.05722269168702,37.2933256560621,1.2997854022681636,1.4526579968057831,0.1466806826983362,1.2227815582171768,1.3845567328621882,24.32201273412117,25.70656946698336,0.8928917656026228,0.6384037115814282,0.9591410630192938,tiiuae/falcon-40b-instruct;huggyllama/llama-13b;huggyllama/llama-7b,Qwen/Qwen2.5-72B-Instruct;Qwen/Qwen2.5-32B-Instruct;Qwen/Qwen2-72B-Instruct,,,,
chat,QR-B 累计前沿样本,2024.00→2025.00,9,9,400,-0.25330163998731986,0.11284992310451718,0.8417546049420604,0.047918127598780794,0.4893338745967872,0.672998429841516,1.3473497936436523,14.701117944585782,46.05722269168702,31.35610474710124,0.7564608686626215,1.2235911476159345,0.0853665508601531,1.0299634830720532,1.310107914342537,28.835634166708324,30.145742081050855,0.9234607261859659,0.7187240486289671,0.971407770763939,01-ai/Yi-34B-Chat;tiiuae/falcon-40b-instruct;huggyllama/llama-13b,Qwen/Qwen2.5-72B-Instruct;Qwen/Qwen2.5-32B-Instruct;Qwen/Qwen2-72B-Instruct,,,,
chat,QR-B 累计前沿样本,2024.50→2025.25,9,9,400,-0.25330163998731986,0.11284992310451718,0.8417546049420604,0.047918127598780794,0.4893338745967872,0.672998429841516,1.3473497936436523,37.94367361881447,46.05722269168702,8.113549072872551,0.16678263321736253,0.25188227241596906,0.018821407333748253,0.21202306270941249,0.7209163857444318,9.131663455397543,9.852579841141967,0.9184671509340065,0.7046452129095132,0.9694388326656361,Qwen/Qwen2-72B-Instruct;microsoft/Phi-3.5-MoE-instruct;01-ai/Yi-1.5-34B-Chat,Qwen/Qwen2.5-72B-Instruct;Qwen/Qwen2.5-32B-Instruct;Qwen/Qwen2-72B-Instruct,,,,
